"collegeid";"collegename"
"1";"T.N.Rao college"
"2";"Marawadi uivercity"
"3";"Atmiya univercity"
"4";"Govt college"
"5";"Darshan univercity Rajkot"
"6";"GEC GOVT college"
"cid";"cname"
"1";"Brazil_6362"
"2";"France_7721"
"3";"Canada_8435"
"4";"Germany_9787"
"5";"Germany_2033"
"6";"Australia_4553"
"7";"UK_5211"
"8";"France_4047"
"9";"India_2996"
"10";"UK_2513"
"11";"UK_2785"
"12";"USA_3298"
"13";"China_1606"
"14";"India_9831"
"15";"China_1339"
"16";"China_8962"
"17";"India_5234"
"18";"Canada_9789"
"19";"India_3894"
"20";"Germany_3886"
"21";"Canada_2792"
"22";"Canada_9084"
"23";"France_3461"
"24";"France_2018"
"25";"Brazil_7194"
"26";"India_1529"
"27";"Canada_9308"
"28";"UK_1098"
"29";"USA_9100"
"30";"UK_1023"
"31";"USA_9545"
"32";"USA_1158"
"33";"France_8106"
"34";"Canada_8600"
"35";"Germany_9442"
"36";"Canada_2998"
"37";"Germany_7989"
"38";"Germany_7817"
"39";"France_4619"
"40";"Germany_8424"
"41";"UK_1489"
"42";"France_6470"
"43";"Australia_1546"
"44";"USA_7144"
"45";"Brazil_4829"
"46";"Germany_9465"
"47";"Australia_1383"
"48";"India_4086"
"49";"Germany_2191"
"50";"Australia_4853"
"51";"India_9506"
"52";"France_1928"
"53";"China_5081"
"54";"India_7187"
"55";"Germany_9833"
"56";"Japan_5152"
"57";"Canada_9399"
"58";"Brazil_6223"
"59";"Canada_6639"
"60";"Australia_7137"
"61";"Germany_3856"
"62";"USA_9029"
"63";"UK_1856"
"64";"Japan_8011"
"65";"India_9509"
"66";"France_9568"
"67";"India_6211"
"68";"Japan_4908"
"69";"Canada_1366"
"70";"Australia_8774"
"71";"USA_1414"
"72";"Brazil_1913"
"73";"UK_5623"
"74";"Japan_8632"
"75";"Canada_5398"
"76";"Brazil_6886"
"77";"China_1260"
"78";"China_6958"
"79";"India_3877"
"80";"Germany_2047"
"81";"Australia_4004"
"82";"Japan_3665"
"83";"France_6600"
"84";"Japan_2420"
"85";"UK_4577"
"86";"India_2183"
"87";"Germany_9290"
"88";"Canada_3874"
"89";"UK_7998"
"90";"India_9102"
"91";"Australia_1960"
"92";"Germany_9329"
"93";"Canada_6609"
"94";"Canada_5611"
"95";"China_2144"
"96";"Germany_8231"
"97";"China_2098"
"98";"Germany_1784"
"99";"UK_6012"
"100";"Brazil_8175"
"101";"Australia_2218"
"102";"China_4580"
"103";"China_4056"
"104";"France_8845"
"105";"Japan_5557"
"106";"Japan_7978"
"107";"UK_2580"
"108";"USA_4220"
"109";"Canada_2971"
"110";"Australia_9468"
"111";"China_9158"
"112";"Canada_7799"
"113";"Brazil_2765"
"114";"Australia_9342"
"115";"China_8617"
"116";"India_7645"
"117";"France_4718"
"118";"Germany_2829"
"119";"France_2296"
"120";"India_9161"
"121";"Australia_9409"
"122";"Japan_6320"
"123";"UK_8407"
"124";"Australia_3863"
"125";"France_6735"
"126";"Japan_3211"
"127";"Australia_9387"
"128";"Japan_5463"
"129";"France_1311"
"130";"Japan_2746"
"131";"UK_4387"
"132";"UK_4632"
"133";"Canada_3528"
"134";"France_7350"
"135";"UK_8902"
"136";"Australia_3991"
"137";"Germany_4718"
"138";"Japan_8729"
"139";"Germany_6386"
"140";"Japan_6775"
"141";"USA_8256"
"142";"France_5888"
"143";"UK_1568"
"144";"France_3813"
"145";"India_4330"
"146";"Japan_2959"
"147";"India_8264"
"148";"China_4394"
"149";"Japan_9105"
"150";"Japan_7450"
"151";"France_5619"
"152";"UK_3709"
"153";"Japan_1900"
"154";"Japan_2726"
"155";"Brazil_7705"
"156";"USA_4871"
"157";"China_5208"
"158";"India_1118"
"159";"Brazil_1369"
"160";"China_6948"
"161";"India_2703"
"162";"Brazil_6825"
"163";"China_6353"
"164";"Brazil_5284"
"165";"Brazil_7233"
"166";"UK_8875"
"167";"Germany_4538"
"168";"China_6352"
"169";"China_7858"
"170";"Japan_2126"
"171";"France_5677"
"172";"Brazil_7727"
"173";"USA_5726"
"174";"USA_3262"
"175";"China_1450"
"176";"UK_7189"
"177";"France_6549"
"178";"Germany_5729"
"179";"Canada_4913"
"180";"France_5792"
"181";"UK_2829"
"182";"USA_1639"
"183";"UK_5686"
"184";"China_3285"
"185";"UK_2249"
"186";"China_4167"
"187";"Germany_4932"
"188";"Japan_2220"
"189";"Japan_6784"
"190";"Australia_9923"
"191";"Brazil_1482"
"192";"Brazil_1866"
"193";"UK_4125"
"194";"UK_7577"
"195";"China_7838"
"196";"Germany_8739"
"197";"India_5507"
"198";"Germany_7992"
"199";"France_3292"
"200";"China_8625"
"201";"India_8249"
"202";"Brazil_7103"
"203";"UK_6730"
"204";"Australia_9953"
"205";"Brazil_2546"
"206";"Australia_3790"
"207";"Germany_4110"
"208";"Australia_7973"
"209";"China_6504"
"210";"Japan_6822"
"211";"USA_8086"
"212";"France_2249"
"213";"USA_5967"
"214";"USA_3127"
"215";"Japan_5721"
"216";"Japan_8562"
"217";"USA_3201"
"218";"China_1757"
"219";"USA_4582"
"220";"France_8249"
"221";"Canada_7490"
"222";"UK_5069"
"223";"Germany_1910"
"224";"India_8666"
"225";"USA_3474"
"226";"Brazil_6013"
"227";"USA_1989"
"228";"India_1682"
"229";"USA_5067"
"230";"Brazil_9139"
"231";"UK_2045"
"232";"Japan_1601"
"233";"Canada_3023"
"234";"Canada_7026"
"235";"France_7290"
"236";"Brazil_3275"
"237";"Japan_5631"
"238";"Japan_5510"
"239";"Japan_9013"
"240";"Germany_4657"
"241";"China_7368"
"242";"USA_8080"
"243";"Australia_6224"
"244";"China_9545"
"245";"France_8336"
"246";"Germany_9488"
"247";"Canada_6242"
"248";"India_6222"
"249";"China_8032"
"250";"China_6628"
"251";"China_8645"
"252";"India_5613"
"253";"France_1851"
"254";"Brazil_2645"
"255";"Canada_6608"
"256";"Germany_2744"
"257";"China_1670"
"258";"USA_7048"
"259";"Brazil_1878"
"260";"India_8248"
"261";"UK_4826"
"262";"Canada_8458"
"263";"Germany_9272"
"264";"USA_1053"
"265";"France_8564"
"266";"Germany_9246"
"267";"USA_8601"
"268";"Brazil_8201"
"269";"Germany_6417"
"270";"Brazil_3125"
"271";"China_1630"
"272";"India_2841"
"273";"China_3316"
"274";"UK_1438"
"275";"Australia_6492"
"276";"UK_2413"
"277";"China_5420"
"278";"India_9264"
"279";"Australia_1250"
"280";"India_3381"
"281";"USA_7995"
"282";"France_4476"
"283";"Australia_4094"
"284";"Brazil_1498"
"285";"Brazil_9617"
"286";"Australia_7257"
"287";"France_6339"
"288";"Australia_1128"
"289";"UK_9389"
"290";"Japan_6247"
"291";"Brazil_7186"
"292";"China_8328"
"293";"China_3558"
"294";"USA_1654"
"295";"Brazil_8411"
"296";"Japan_9932"
"297";"Brazil_5019"
"298";"France_5967"
"299";"India_5206"
"300";"Canada_9210"
"301";"China_2145"
"302";"Australia_2873"
"303";"India_8288"
"304";"China_5618"
"305";"Canada_5152"
"306";"China_2336"
"307";"Japan_7014"
"308";"Germany_4250"
"309";"Australia_8636"
"310";"India_8829"
"311";"USA_9039"
"312";"USA_2276"
"313";"Canada_6902"
"314";"Japan_2658"
"315";"India_6390"
"316";"UK_7498"
"317";"Brazil_3950"
"318";"UK_7579"
"319";"Brazil_9458"
"320";"Canada_3495"
"321";"China_8277"
"322";"Brazil_8826"
"323";"China_3204"
"324";"UK_8441"
"325";"Australia_5552"
"326";"Australia_2519"
"327";"Brazil_6906"
"328";"China_9550"
"329";"Australia_2292"
"330";"France_2604"
"331";"Australia_1855"
"332";"Germany_2806"
"333";"France_9625"
"334";"Canada_4630"
"335";"Canada_1356"
"336";"Germany_2087"
"337";"Canada_9452"
"338";"UK_7821"
"339";"India_9524"
"340";"Japan_2578"
"341";"India_8278"
"342";"Brazil_8074"
"343";"Germany_6912"
"344";"India_4672"
"345";"Brazil_8558"
"346";"China_3558"
"347";"USA_8588"
"348";"China_5148"
"349";"UK_2529"
"350";"USA_1720"
"351";"India_9921"
"352";"Brazil_2024"
"353";"USA_3170"
"354";"Brazil_6023"
"355";"Canada_4904"
"356";"France_2983"
"357";"France_3545"
"358";"Japan_4518"
"359";"India_8943"
"360";"Australia_3250"
"361";"USA_8279"
"362";"China_2050"
"363";"Germany_9436"
"364";"Australia_7836"
"365";"Brazil_9974"
"366";"Germany_1992"
"367";"Canada_2086"
"368";"China_3710"
"369";"Australia_6726"
"370";"Canada_4408"
"371";"USA_5221"
"372";"UK_5535"
"373";"France_4174"
"374";"India_2493"
"375";"Japan_9800"
"376";"Brazil_1777"
"377";"India_8573"
"378";"USA_2895"
"379";"Japan_4851"
"380";"Australia_3113"
"381";"Canada_6487"
"382";"Canada_5250"
"383";"France_5366"
"384";"Japan_9701"
"385";"China_1030"
"386";"Japan_4261"
"387";"China_8699"
"388";"UK_9926"
"389";"Canada_2317"
"390";"India_8691"
"391";"India_9288"
"392";"Australia_8249"
"393";"India_1148"
"394";"Brazil_1569"
"395";"Brazil_1491"
"396";"China_5218"
"397";"USA_4727"
"398";"France_6849"
"399";"France_6602"
"400";"France_9799"
"401";"USA_9774"
"402";"Australia_7514"
"403";"Japan_9811"
"404";"India_1790"
"405";"Germany_8709"
"406";"India_5376"
"407";"Australia_5757"
"408";"Germany_7001"
"409";"UK_9222"
"410";"Japan_4208"
"411";"UK_5953"
"412";"UK_3248"
"413";"Australia_8146"
"414";"India_8541"
"415";"India_7979"
"416";"China_2730"
"417";"Brazil_7063"
"418";"Brazil_1629"
"419";"Brazil_3386"
"420";"Japan_4686"
"421";"USA_4563"
"422";"Japan_8518"
"423";"Australia_3788"
"424";"Germany_4319"
"425";"Germany_2964"
"426";"Japan_8450"
"427";"India_7884"
"428";"Japan_1740"
"429";"Australia_7118"
"430";"Canada_2581"
"431";"USA_2982"
"432";"Japan_6433"
"433";"India_5396"
"434";"Canada_8621"
"435";"Germany_7251"
"436";"USA_6188"
"437";"Germany_7307"
"438";"India_2142"
"439";"Germany_1947"
"440";"India_8715"
"441";"USA_4077"
"442";"USA_8023"
"443";"Germany_7753"
"444";"Germany_3113"
"445";"Japan_7362"
"446";"Germany_3870"
"447";"USA_7272"
"448";"India_4348"
"449";"France_8175"
"450";"Canada_8186"
"451";"Canada_9969"
"452";"USA_7735"
"453";"Canada_3243"
"454";"Australia_1018"
"455";"UK_8164"
"456";"India_1948"
"457";"Canada_8543"
"458";"Germany_9789"
"459";"Australia_1114"
"460";"Brazil_5064"
"461";"France_5200"
"462";"Japan_8233"
"463";"India_1626"
"464";"India_1804"
"465";"Canada_1643"
"466";"France_5992"
"467";"USA_9061"
"468";"USA_1244"
"469";"China_5082"
"470";"USA_4371"
"471";"Germany_1310"
"472";"Brazil_3551"
"473";"China_1680"
"474";"India_8976"
"475";"Australia_2419"
"476";"Japan_1189"
"477";"India_9817"
"478";"Brazil_4838"
"479";"France_3564"
"480";"Brazil_6179"
"481";"Canada_4339"
"482";"USA_8834"
"483";"China_2807"
"484";"China_9825"
"485";"China_8423"
"486";"Brazil_8606"
"487";"Japan_6712"
"488";"Canada_5083"
"489";"Germany_9180"
"490";"USA_2670"
"491";"Australia_4125"
"492";"France_9340"
"493";"Brazil_5335"
"494";"Brazil_8309"
"495";"France_1867"
"496";"UK_5701"
"497";"China_1519"
"498";"USA_4562"
"499";"Japan_1014"
"500";"India_5207"
"501";"India_8818"
"502";"USA_3678"
"503";"UK_8533"
"504";"Australia_3035"
"505";"India_7871"
"506";"France_5245"
"507";"China_1817"
"508";"Australia_5317"
"509";"Australia_3684"
"510";"Germany_4140"
"511";"Australia_9503"
"512";"France_8298"
"513";"Germany_9140"
"514";"USA_8980"
"515";"India_7374"
"516";"Australia_5278"
"517";"Germany_6929"
"518";"India_3155"
"519";"India_6595"
"520";"UK_6904"
"521";"France_8823"
"522";"Japan_6501"
"523";"USA_8122"
"524";"France_5804"
"525";"UK_1191"
"526";"Australia_6404"
"527";"India_2955"
"528";"India_7514"
"529";"Australia_8181"
"530";"Brazil_6813"
"531";"Brazil_1830"
"532";"India_9453"
"533";"France_1134"
"534";"Australia_8472"
"535";"India_6763"
"536";"USA_7258"
"537";"USA_5033"
"538";"UK_3308"
"539";"France_8558"
"540";"Japan_6837"
"541";"Australia_7892"
"542";"Brazil_7413"
"543";"USA_6817"
"544";"China_8816"
"545";"India_7157"
"546";"Canada_2646"
"547";"USA_3872"
"548";"India_4756"
"549";"Brazil_1516"
"550";"China_4008"
"551";"France_8515"
"552";"Germany_8711"
"553";"Brazil_7887"
"554";"Canada_8456"
"555";"Germany_8690"
"556";"Brazil_8004"
"557";"Canada_1879"
"558";"Japan_8669"
"559";"Australia_3796"
"560";"Germany_3115"
"561";"Brazil_7022"
"562";"China_6389"
"563";"Brazil_4196"
"564";"Canada_4223"
"565";"UK_6486"
"566";"Canada_4232"
"567";"India_4038"
"568";"Germany_2639"
"569";"France_4802"
"570";"Australia_4483"
"571";"UK_5966"
"572";"UK_1014"
"573";"Canada_1583"
"574";"Japan_2955"
"575";"India_5902"
"576";"Japan_4554"
"577";"USA_6416"
"578";"France_8925"
"579";"China_3826"
"580";"USA_1383"
"581";"Japan_9852"
"582";"India_3737"
"583";"Australia_9343"
"584";"France_8886"
"585";"China_3745"
"586";"USA_9197"
"587";"India_6041"
"588";"Japan_5001"
"589";"Australia_4657"
"590";"UK_7483"
"591";"Japan_1268"
"592";"Canada_1752"
"593";"China_3881"
"594";"Germany_3977"
"595";"Canada_4645"
"596";"USA_7462"
"597";"India_9970"
"598";"Brazil_5286"
"599";"China_1711"
"600";"Canada_2939"
"601";"Canada_4450"
"602";"Canada_4096"
"603";"Brazil_1786"
"604";"UK_6073"
"605";"UK_9317"
"606";"Brazil_5365"
"607";"Brazil_9091"
"608";"Brazil_7454"
"609";"UK_5811"
"610";"Brazil_7334"
"611";"UK_6052"
"612";"India_3987"
"613";"Japan_3289"
"614";"Australia_8612"
"615";"Canada_8026"
"616";"USA_2984"
"617";"China_2470"
"618";"France_2085"
"619";"India_8380"
"620";"UK_5465"
"621";"France_1419"
"622";"China_4783"
"623";"UK_6107"
"624";"UK_9989"
"625";"USA_8833"
"626";"Brazil_5929"
"627";"Canada_6155"
"628";"USA_9589"
"629";"Australia_9805"
"630";"China_9996"
"631";"Japan_2687"
"632";"India_6084"
"633";"China_1420"
"634";"UK_8238"
"635";"India_8740"
"636";"USA_1930"
"637";"USA_3004"
"638";"China_3715"
"639";"USA_7561"
"640";"Canada_2217"
"641";"Brazil_1090"
"642";"Germany_9764"
"643";"Japan_4708"
"644";"India_1579"
"645";"USA_5637"
"646";"USA_2903"
"647";"Japan_4429"
"648";"India_4032"
"649";"Australia_9748"
"650";"Japan_4924"
"651";"USA_5832"
"652";"USA_3495"
"653";"Brazil_4924"
"654";"Japan_8100"
"655";"India_1583"
"656";"India_2178"
"657";"Germany_9138"
"658";"USA_1025"
"659";"France_9246"
"660";"Brazil_4445"
"661";"Germany_1257"
"662";"Brazil_1870"
"663";"UK_6225"
"664";"UK_2446"
"665";"Brazil_8450"
"666";"France_3541"
"667";"China_9241"
"668";"Australia_8713"
"669";"Australia_1378"
"670";"Canada_1769"
"671";"China_3217"
"672";"USA_9200"
"673";"USA_1856"
"674";"UK_6465"
"675";"USA_7145"
"676";"USA_5572"
"677";"Canada_5558"
"678";"UK_1457"
"679";"France_4664"
"680";"France_3509"
"681";"Brazil_6693"
"682";"Germany_5600"
"683";"USA_1167"
"684";"China_7771"
"685";"Germany_2153"
"686";"Canada_6977"
"687";"Japan_5191"
"688";"Canada_8840"
"689";"France_4237"
"690";"India_9955"
"691";"UK_7007"
"692";"France_7548"
"693";"India_8359"
"694";"India_9896"
"695";"Japan_4798"
"696";"India_2104"
"697";"Australia_5803"
"698";"France_1325"
"699";"France_8953"
"700";"Japan_5188"
"701";"Germany_9008"
"702";"India_7451"
"703";"Australia_6512"
"704";"India_2664"
"705";"UK_1007"
"706";"Canada_4161"
"707";"UK_7005"
"708";"France_5654"
"709";"India_8387"
"710";"Brazil_9468"
"711";"India_5421"
"712";"Canada_8791"
"713";"France_1250"
"714";"France_7641"
"715";"UK_7920"
"716";"Brazil_9721"
"717";"Canada_5416"
"718";"Japan_6415"
"719";"USA_1141"
"720";"France_8958"
"721";"Japan_6931"
"722";"Australia_6070"
"723";"Brazil_7964"
"724";"USA_6689"
"725";"France_1418"
"726";"Germany_2737"
"727";"France_3255"
"728";"France_1221"
"729";"Germany_2906"
"730";"Japan_8225"
"731";"UK_4123"
"732";"Brazil_4311"
"733";"USA_8802"
"734";"China_2456"
"735";"France_3455"
"736";"China_7542"
"737";"France_4212"
"738";"Canada_3145"
"739";"Germany_3847"
"740";"Australia_8802"
"741";"Canada_6625"
"742";"Australia_1660"
"743";"USA_7923"
"744";"Canada_9602"
"745";"India_3141"
"746";"USA_9256"
"747";"Canada_3607"
"748";"Brazil_3229"
"749";"China_1895"
"750";"USA_6943"
"751";"China_6865"
"752";"India_4948"
"753";"UK_5234"
"754";"Germany_9919"
"755";"France_6366"
"756";"Germany_4683"
"757";"China_4697"
"758";"Brazil_2090"
"759";"UK_6447"
"760";"India_4692"
"761";"UK_4126"
"762";"UK_9169"
"763";"France_2090"
"764";"Brazil_2194"
"765";"UK_4884"
"766";"Canada_1048"
"767";"Canada_2965"
"768";"Australia_1907"
"769";"Germany_9552"
"770";"Australia_2327"
"771";"France_3248"
"772";"Japan_4778"
"773";"USA_7558"
"774";"India_1609"
"775";"USA_7549"
"776";"India_2955"
"777";"Brazil_6201"
"778";"Australia_1232"
"779";"India_3595"
"780";"Canada_3220"
"781";"France_1841"
"782";"China_5991"
"783";"Germany_7266"
"784";"India_3150"
"785";"UK_3447"
"786";"Australia_1148"
"787";"UK_8796"
"788";"Australia_3797"
"789";"Germany_1987"
"790";"Australia_3577"
"791";"Germany_5084"
"792";"Brazil_1409"
"793";"France_8024"
"794";"USA_4774"
"795";"Japan_9504"
"796";"Brazil_2619"
"797";"Germany_9220"
"798";"India_7612"
"799";"Australia_7662"
"800";"France_5069"
"801";"Japan_9356"
"802";"Japan_6140"
"803";"Brazil_5472"
"804";"UK_3718"
"805";"Japan_3386"
"806";"Germany_3883"
"807";"Australia_7314"
"808";"France_5016"
"809";"China_2483"
"810";"China_2038"
"811";"Germany_7379"
"812";"Australia_4856"
"813";"Canada_7868"
"814";"USA_6788"
"815";"Japan_4165"
"816";"China_9051"
"817";"USA_8488"
"818";"Brazil_7821"
"819";"Canada_9203"
"820";"Brazil_5468"
"821";"UK_3074"
"822";"Australia_9192"
"823";"France_2998"
"824";"Australia_1231"
"825";"USA_5404"
"826";"USA_1606"
"827";"India_8876"
"828";"Australia_1191"
"829";"USA_5754"
"830";"Canada_8619"
"831";"Australia_3968"
"832";"France_6823"
"833";"Japan_3937"
"834";"Japan_4403"
"835";"Brazil_3229"
"836";"Japan_3734"
"837";"Japan_5887"
"838";"Japan_6254"
"839";"UK_2851"
"840";"India_6890"
"841";"USA_6259"
"842";"France_2917"
"843";"Canada_8096"
"844";"India_1581"
"845";"India_2169"
"846";"Germany_8994"
"847";"India_7374"
"848";"Australia_5161"
"849";"Australia_4697"
"850";"UK_6801"
"851";"Canada_5951"
"852";"Brazil_6870"
"853";"Japan_4974"
"854";"USA_5689"
"855";"India_9318"
"856";"Australia_8851"
"857";"Australia_3309"
"858";"USA_1209"
"859";"Japan_2194"
"860";"China_3810"
"861";"Australia_7652"
"862";"Japan_3101"
"863";"India_8047"
"864";"Japan_7988"
"865";"India_7348"
"866";"France_4736"
"867";"France_5862"
"868";"India_5749"
"869";"France_2474"
"870";"USA_4273"
"871";"Australia_4926"
"872";"Canada_1143"
"873";"Canada_4394"
"874";"India_1206"
"875";"India_1378"
"876";"USA_6325"
"877";"France_8777"
"878";"China_1838"
"879";"Canada_9928"
"880";"USA_1094"
"881";"Germany_3440"
"882";"UK_1519"
"883";"Australia_6901"
"884";"USA_9451"
"885";"USA_9473"
"886";"Canada_4928"
"887";"Germany_8380"
"888";"Brazil_6872"
"889";"China_1149"
"890";"Japan_4998"
"891";"USA_3615"
"892";"India_5706"
"893";"Australia_3894"
"894";"Germany_4626"
"895";"France_7857"
"896";"India_8652"
"897";"USA_3687"
"898";"UK_1177"
"899";"USA_7196"
"900";"UK_9127"
"901";"France_9648"
"902";"Canada_2171"
"903";"India_8432"
"904";"UK_5662"
"905";"France_4701"
"906";"Canada_2364"
"907";"UK_2613"
"908";"USA_1374"
"909";"Brazil_2594"
"910";"Australia_9931"
"911";"India_3341"
"912";"USA_1100"
"913";"France_8832"
"914";"Japan_4911"
"915";"Australia_4829"
"916";"India_2560"
"917";"France_5190"
"918";"France_3576"
"919";"Brazil_3231"
"920";"China_2211"
"921";"Australia_3936"
"922";"France_9888"
"923";"USA_8445"
"924";"Japan_8471"
"925";"USA_3940"
"926";"USA_7623"
"927";"Canada_1387"
"928";"Germany_2753"
"929";"France_3834"
"930";"Brazil_3064"
"931";"Japan_5721"
"932";"Japan_9133"
"933";"Germany_5042"
"934";"UK_4606"
"935";"USA_6148"
"936";"Australia_3361"
"937";"USA_8529"
"938";"Brazil_5816"
"939";"Canada_6738"
"940";"Germany_3677"
"941";"USA_9229"
"942";"India_7266"
"943";"Canada_1001"
"944";"Australia_7625"
"945";"Japan_9864"
"946";"India_1791"
"947";"Germany_8267"
"948";"China_5948"
"949";"Australia_2614"
"950";"China_5131"
"951";"Brazil_1975"
"952";"Brazil_9345"
"953";"India_6788"
"954";"UK_8868"
"955";"Germany_8399"
"956";"Japan_7782"
"957";"Brazil_9278"
"958";"India_7244"
"959";"USA_9135"
"960";"UK_9370"
"961";"Brazil_5814"
"962";"India_8144"
"963";"China_3417"
"964";"USA_9627"
"965";"Australia_8160"
"966";"UK_5402"
"967";"France_2198"
"968";"USA_2152"
"969";"Australia_3112"
"970";"Canada_3758"
"971";"UK_7402"
"972";"China_7829"
"973";"Germany_1133"
"974";"Japan_5079"
"975";"USA_5301"
"976";"Brazil_1023"
"977";"Australia_7720"
"978";"Japan_2488"
"979";"China_4802"
"980";"China_5839"
"981";"Germany_4730"
"982";"Brazil_1326"
"983";"Japan_9634"
"984";"UK_9115"
"985";"Japan_5476"
"986";"France_4020"
"987";"UK_9092"
"988";"France_1580"
"989";"Japan_2192"
"990";"Japan_9432"
"991";"Japan_6478"
"992";"UK_2202"
"993";"Japan_1540"
"994";"Canada_9447"
"995";"India_3640"
"996";"Germany_2134"
"997";"Germany_7785"
"998";"Germany_2712"
"999";"Germany_8479"
"1000";"China_1687"
"1001";"Canada_9758"
"1002";"USA_8217"
"1003";"France_5312"
"1004";"Japan_8986"
"1005";"Germany_5924"
"1006";"Germany_4688"
"1007";"Brazil_8757"
"1008";"Brazil_7196"
"1009";"Brazil_3924"
"1010";"UK_9801"
"1011";"UK_6904"
"1012";"France_6976"
"1013";"China_7401"
"1014";"Australia_5850"
"1015";"Japan_8544"
"1016";"USA_1682"
"1017";"India_9071"
"1018";"Germany_4215"
"1019";"France_7444"
"1020";"UK_4505"
"1021";"Canada_9604"
"1022";"USA_6938"
"1023";"UK_9381"
"1024";"China_7811"
"1025";"Japan_9975"
"1026";"India_2236"
"1027";"Japan_6710"
"1028";"Australia_8381"
"1029";"India_8845"
"1030";"USA_2624"
"1031";"Germany_6253"
"1032";"Japan_5190"
"1033";"Australia_6350"
"1034";"China_1943"
"1035";"USA_6777"
"1036";"Japan_3273"
"1037";"Australia_1192"
"1038";"India_2193"
"1039";"France_3940"
"1040";"UK_1132"
"1041";"India_4059"
"1042";"Germany_3928"
"1043";"Canada_2100"
"1044";"UK_4565"
"1045";"USA_4841"
"1046";"China_5891"
"1047";"Germany_5361"
"1048";"USA_3844"
"1049";"USA_6799"
"1050";"Brazil_4580"
"1051";"Australia_7839"
"1052";"Japan_8731"
"1053";"Germany_5340"
"1054";"USA_4891"
"1055";"Japan_8864"
"1056";"Germany_7401"
"1057";"USA_6851"
"1058";"China_9563"
"1059";"Germany_3050"
"1060";"Brazil_7876"
"1061";"USA_5195"
"1062";"Brazil_9822"
"1063";"Canada_4876"
"1064";"Australia_4253"
"1065";"Brazil_9928"
"1066";"France_6366"
"1067";"Germany_4607"
"1068";"Japan_3245"
"1069";"USA_2196"
"1070";"USA_3527"
"1071";"UK_2248"
"1072";"China_1971"
"1073";"Germany_8215"
"1074";"China_3355"
"1075";"USA_7823"
"1076";"Germany_1438"
"1077";"Brazil_1927"
"1078";"UK_5677"
"1079";"China_9517"
"1080";"Japan_3729"
"1081";"Japan_3203"
"1082";"Australia_9308"
"1083";"Japan_4020"
"1084";"Brazil_1612"
"1085";"Brazil_3454"
"1086";"Japan_6117"
"1087";"Brazil_4139"
"1088";"Australia_5597"
"1089";"Japan_6098"
"1090";"UK_2488"
"1091";"UK_1388"
"1092";"Germany_3982"
"1093";"USA_9177"
"1094";"India_3529"
"1095";"Germany_2453"
"1096";"Japan_5857"
"1097";"Brazil_8205"
"1098";"Australia_4194"
"1099";"China_5849"
"1100";"France_1388"
"1101";"Japan_9737"
"1102";"UK_1512"
"1103";"Australia_4099"
"1104";"Brazil_1287"
"1105";"China_5558"
"1106";"Australia_4032"
"1107";"France_8586"
"1108";"France_9848"
"1109";"Germany_1850"
"1110";"Canada_9518"
"1111";"UK_2195"
"1112";"Japan_1052"
"1113";"UK_9228"
"1114";"Japan_3873"
"1115";"China_8547"
"1116";"UK_1529"
"1117";"France_6132"
"1118";"Canada_3754"
"1119";"UK_7148"
"1120";"Japan_3026"
"1121";"USA_2163"
"1122";"USA_4870"
"1123";"Japan_1063"
"1124";"India_3374"
"1125";"USA_9535"
"1126";"Canada_6811"
"1127";"Australia_7602"
"1128";"Japan_2140"
"1129";"Japan_8240"
"1130";"USA_2302"
"1131";"Australia_5580"
"1132";"Australia_4313"
"1133";"China_4732"
"1134";"UK_6100"
"1135";"UK_1319"
"1136";"Australia_6156"
"1137";"Brazil_6097"
"1138";"Canada_6447"
"1139";"Canada_4628"
"1140";"Canada_2920"
"1141";"Canada_4824"
"1142";"Germany_2377"
"1143";"Australia_1762"
"1144";"Germany_3078"
"1145";"Japan_6641"
"1146";"USA_8476"
"1147";"China_2283"
"1148";"France_3087"
"1149";"France_2117"
"1150";"UK_3438"
"1151";"France_1276"
"1152";"Germany_2305"
"1153";"Australia_5325"
"1154";"Canada_8425"
"1155";"Australia_4160"
"1156";"Japan_3209"
"1157";"Canada_5543"
"1158";"China_4447"
"1159";"France_7613"
"1160";"UK_5624"
"1161";"China_2346"
"1162";"France_2961"
"1163";"Germany_8144"
"1164";"France_2091"
"1165";"USA_2441"
"1166";"Germany_9567"
"1167";"Australia_6805"
"1168";"Australia_7194"
"1169";"Germany_3439"
"1170";"UK_9605"
"1171";"UK_7556"
"1172";"Brazil_3115"
"1173";"France_9196"
"1174";"UK_2684"
"1175";"UK_4247"
"1176";"Brazil_2544"
"1177";"Australia_1119"
"1178";"USA_7364"
"1179";"India_3855"
"1180";"Australia_6979"
"1181";"Australia_7912"
"1182";"China_6519"
"1183";"China_7659"
"1184";"France_5861"
"1185";"India_6426"
"1186";"Brazil_6343"
"1187";"Australia_8685"
"1188";"Canada_8938"
"1189";"France_1656"
"1190";"China_5021"
"1191";"India_8511"
"1192";"India_8513"
"1193";"UK_4163"
"1194";"Brazil_2482"
"1195";"Canada_9700"
"1196";"UK_8964"
"1197";"France_2026"
"1198";"UK_2825"
"1199";"Canada_8451"
"1200";"Canada_9148"
"1201";"Japan_7748"
"1202";"Japan_1888"
"1203";"Germany_2147"
"1204";"USA_5797"
"1205";"USA_9836"
"1206";"France_8710"
"1207";"Japan_4974"
"1208";"Germany_7128"
"1209";"Canada_9673"
"1210";"Canada_2635"
"1211";"Canada_8007"
"1212";"India_2432"
"1213";"Germany_1148"
"1214";"France_8934"
"1215";"Japan_6407"
"1216";"India_5331"
"1217";"Canada_7626"
"1218";"UK_6924"
"1219";"Australia_8920"
"1220";"Canada_8172"
"1221";"USA_2993"
"1222";"China_1320"
"1223";"UK_7141"
"1224";"France_6810"
"1225";"Japan_2121"
"1226";"China_6024"
"1227";"Germany_5371"
"1228";"USA_2829"
"1229";"Japan_5422"
"1230";"France_5562"
"1231";"China_2884"
"1232";"Brazil_4740"
"1233";"Japan_1113"
"1234";"USA_5486"
"1235";"USA_4228"
"1236";"Canada_3960"
"1237";"Brazil_1198"
"1238";"China_5130"
"1239";"USA_5681"
"1240";"India_7773"
"1241";"France_6567"
"1242";"Australia_9815"
"1243";"China_1385"
"1244";"Brazil_9981"
"1245";"France_6187"
"1246";"Australia_9735"
"1247";"Brazil_3279"
"1248";"China_1687"
"1249";"India_2544"
"1250";"Japan_6169"
"1251";"India_4315"
"1252";"China_8464"
"1253";"China_4980"
"1254";"Brazil_9448"
"1255";"USA_8706"
"1256";"Brazil_8381"
"1257";"Germany_8896"
"1258";"UK_3601"
"1259";"Germany_6358"
"1260";"Germany_7401"
"1261";"India_2408"
"1262";"Japan_6146"
"1263";"India_5101"
"1264";"USA_5604"
"1265";"India_6582"
"1266";"India_2626"
"1267";"Brazil_8657"
"1268";"Japan_5845"
"1269";"Brazil_6157"
"1270";"Australia_1371"
"1271";"USA_6644"
"1272";"Japan_5911"
"1273";"Japan_7509"
"1274";"Japan_8472"
"1275";"Australia_3401"
"1276";"Canada_6369"
"1277";"USA_9414"
"1278";"Canada_4555"
"1279";"Canada_1820"
"1280";"Japan_2585"
"1281";"Brazil_5735"
"1282";"USA_4700"
"1283";"Germany_1684"
"1284";"UK_7708"
"1285";"China_5307"
"1286";"USA_4461"
"1287";"Germany_9995"
"1288";"China_5770"
"1289";"France_1681"
"1290";"China_7004"
"1291";"UK_9953"
"1292";"UK_9071"
"1293";"France_1770"
"1294";"China_5998"
"1295";"Germany_8045"
"1296";"Germany_8873"
"1297";"India_6183"
"1298";"China_1632"
"1299";"India_2370"
"1300";"France_3344"
"1301";"Japan_6216"
"1302";"Brazil_7001"
"1303";"Japan_5081"
"1304";"USA_6529"
"1305";"Germany_6333"
"1306";"France_7578"
"1307";"USA_5988"
"1308";"Australia_9568"
"1309";"China_1901"
"1310";"USA_4020"
"1311";"Canada_5276"
"1312";"Germany_1065"
"1313";"France_8750"
"1314";"France_3678"
"1315";"China_9141"
"1316";"Canada_5582"
"1317";"Brazil_5787"
"1318";"Canada_5716"
"1319";"UK_2529"
"1320";"India_5617"
"1321";"France_2965"
"1322";"Germany_5784"
"1323";"Australia_2213"
"1324";"Japan_7989"
"1325";"UK_5890"
"1326";"China_4016"
"1327";"Canada_5299"
"1328";"Germany_1534"
"1329";"Brazil_8463"
"1330";"China_2993"
"1331";"Brazil_7709"
"1332";"India_2540"
"1333";"Japan_5882"
"1334";"Brazil_7903"
"1335";"USA_7222"
"1336";"Brazil_3095"
"1337";"France_2809"
"1338";"Canada_7519"
"1339";"Brazil_9591"
"1340";"Canada_6552"
"1341";"USA_2185"
"1342";"India_9546"
"1343";"France_8716"
"1344";"Japan_7688"
"1345";"China_4631"
"1346";"Brazil_9811"
"1347";"Australia_9727"
"1348";"China_6528"
"1349";"UK_9493"
"1350";"Brazil_4627"
"1351";"Germany_2467"
"1352";"Australia_5244"
"1353";"USA_5441"
"1354";"UK_2176"
"1355";"Brazil_1389"
"1356";"France_6812"
"1357";"France_8926"
"1358";"China_9288"
"1359";"Germany_6149"
"1360";"Germany_6242"
"1361";"France_9257"
"1362";"UK_2707"
"1363";"UK_4124"
"1364";"China_8995"
"1365";"India_7800"
"1366";"France_4246"
"1367";"Canada_1474"
"1368";"France_7795"
"1369";"India_8849"
"1370";"Canada_7985"
"1371";"India_9082"
"1372";"Australia_1691"
"1373";"Australia_4402"
"1374";"UK_5421"
"1375";"Japan_9384"
"1376";"Japan_3505"
"1377";"France_9142"
"1378";"Brazil_7164"
"1379";"China_8849"
"1380";"India_4657"
"1381";"India_8847"
"1382";"Australia_9186"
"1383";"Japan_4907"
"1384";"Canada_1562"
"1385";"Germany_3528"
"1386";"UK_7983"
"1387";"USA_2921"
"1388";"China_1663"
"1389";"USA_5314"
"1390";"UK_5010"
"1391";"Canada_2369"
"1392";"Brazil_8927"
"1393";"Brazil_4289"
"1394";"Germany_1148"
"1395";"Brazil_1226"
"1396";"Japan_3961"
"1397";"Japan_1235"
"1398";"Australia_5813"
"1399";"China_9344"
"1400";"France_8223"
"1401";"Germany_9145"
"1402";"USA_9745"
"1403";"Germany_3851"
"1404";"Canada_3463"
"1405";"Japan_4143"
"1406";"Brazil_2562"
"1407";"Australia_2392"
"1408";"China_4391"
"1409";"France_7916"
"1410";"USA_2882"
"1411";"China_1527"
"1412";"India_3067"
"1413";"UK_8546"
"1414";"Germany_8774"
"1415";"Brazil_8788"
"1416";"Japan_7020"
"1417";"Australia_9285"
"1418";"Germany_5249"
"1419";"India_7167"
"1420";"Australia_7944"
"1421";"China_5428"
"1422";"USA_4652"
"1423";"France_3544"
"1424";"UK_7462"
"1425";"Brazil_1883"
"1426";"UK_4619"
"1427";"USA_7824"
"1428";"Canada_8081"
"1429";"Canada_2136"
"1430";"China_3853"
"1431";"Australia_8997"
"1432";"Australia_1262"
"1433";"USA_6012"
"1434";"Australia_3866"
"1435";"Australia_1359"
"1436";"India_9033"
"1437";"Germany_6390"
"1438";"Japan_4119"
"1439";"Brazil_2761"
"1440";"Germany_6397"
"1441";"Japan_6695"
"1442";"USA_6641"
"1443";"Brazil_2928"
"1444";"Japan_4865"
"1445";"Australia_3090"
"1446";"Canada_5936"
"1447";"UK_3971"
"1448";"Japan_4028"
"1449";"Japan_4800"
"1450";"India_9949"
"1451";"Brazil_1840"
"1452";"India_8428"
"1453";"India_8582"
"1454";"India_6209"
"1455";"Brazil_4742"
"1456";"France_7218"
"1457";"Japan_4476"
"1458";"Brazil_2078"
"1459";"India_8203"
"1460";"UK_2159"
"1461";"UK_3197"
"1462";"Germany_5321"
"1463";"India_9335"
"1464";"Germany_3484"
"1465";"USA_9177"
"1466";"USA_8019"
"1467";"France_6776"
"1468";"Germany_2575"
"1469";"Japan_5937"
"1470";"Brazil_8639"
"1471";"France_2710"
"1472";"Australia_9749"
"1473";"UK_7836"
"1474";"UK_7160"
"1475";"Germany_2511"
"1476";"France_1272"
"1477";"Japan_1577"
"1478";"Germany_9516"
"1479";"Germany_4620"
"1480";"Japan_2136"
"1481";"Japan_8003"
"1482";"UK_6846"
"1483";"Canada_4057"
"1484";"UK_6477"
"1485";"Canada_5554"
"1486";"China_2239"
"1487";"Germany_1556"
"1488";"Brazil_9419"
"1489";"Canada_2962"
"1490";"Germany_7511"
"1491";"USA_8054"
"1492";"Australia_4438"
"1493";"Brazil_2844"
"1494";"Germany_5102"
"1495";"India_8338"
"1496";"UK_4503"
"1497";"India_1530"
"1498";"USA_6542"
"1499";"Japan_2537"
"1500";"India_7333"
"1501";"Australia_8501"
"1502";"India_5524"
"1503";"France_1445"
"1504";"China_4749"
"1505";"UK_5225"
"1506";"France_2536"
"1507";"Australia_1157"
"1508";"USA_8168"
"1509";"Germany_9779"
"1510";"Germany_4287"
"1511";"Germany_2452"
"1512";"Germany_8016"
"1513";"France_4239"
"1514";"USA_8394"
"1515";"France_4352"
"1516";"USA_7134"
"1517";"UK_6391"
"1518";"Canada_3230"
"1519";"Japan_3860"
"1520";"China_8274"
"1521";"China_5464"
"1522";"USA_2349"
"1523";"Australia_4455"
"1524";"Brazil_9513"
"1525";"Canada_5663"
"1526";"China_3990"
"1527";"Australia_6838"
"1528";"Canada_4011"
"1529";"UK_5680"
"1530";"Brazil_8814"
"1531";"Japan_8363"
"1532";"India_7578"
"1533";"France_5721"
"1534";"UK_4502"
"1535";"UK_7050"
"1536";"Germany_3430"
"1537";"UK_1736"
"1538";"Germany_2107"
"1539";"USA_6422"
"1540";"Germany_4061"
"1541";"Germany_1371"
"1542";"UK_7492"
"1543";"Japan_4018"
"1544";"France_8923"
"1545";"Japan_7379"
"1546";"France_5892"
"1547";"USA_9537"
"1548";"Australia_2175"
"1549";"Germany_9502"
"1550";"Australia_7976"
"1551";"UK_3021"
"1552";"Australia_3628"
"1553";"Canada_5743"
"1554";"China_4461"
"1555";"France_6089"
"1556";"USA_3544"
"1557";"Brazil_3543"
"1558";"UK_8416"
"1559";"Australia_2026"
"1560";"Japan_7759"
"1561";"Brazil_3181"
"1562";"France_8622"
"1563";"Japan_9199"
"1564";"Germany_7192"
"1565";"UK_8859"
"1566";"Germany_4603"
"1567";"China_7725"
"1568";"Australia_6360"
"1569";"Brazil_6321"
"1570";"Australia_8862"
"1571";"Australia_3489"
"1572";"Canada_4534"
"1573";"Canada_9747"
"1574";"USA_9396"
"1575";"USA_9812"
"1576";"Germany_2867"
"1577";"China_2177"
"1578";"Germany_6560"
"1579";"Brazil_6050"
"1580";"USA_1909"
"1581";"India_8836"
"1582";"Canada_6707"
"1583";"Germany_2910"
"1584";"China_3938"
"1585";"Canada_3629"
"1586";"Japan_6521"
"1587";"UK_1237"
"1588";"Canada_9815"
"1589";"Canada_4352"
"1590";"India_3367"
"1591";"India_6802"
"1592";"UK_8939"
"1593";"France_9628"
"1594";"Canada_3479"
"1595";"Japan_6458"
"1596";"UK_1391"
"1597";"Canada_4310"
"1598";"UK_6386"
"1599";"USA_1541"
"1600";"China_7810"
"1601";"Germany_8519"
"1602";"UK_1587"
"1603";"France_7478"
"1604";"Brazil_1808"
"1605";"Brazil_3051"
"1606";"Germany_5702"
"1607";"Canada_8875"
"1608";"France_9313"
"1609";"India_7071"
"1610";"USA_5540"
"1611";"Canada_5630"
"1612";"UK_3114"
"1613";"Australia_8501"
"1614";"Canada_7496"
"1615";"Brazil_2926"
"1616";"Germany_6133"
"1617";"France_9199"
"1618";"UK_2583"
"1619";"UK_2299"
"1620";"UK_2437"
"1621";"India_7615"
"1622";"France_5766"
"1623";"India_5021"
"1624";"Canada_7509"
"1625";"UK_7487"
"1626";"Japan_2681"
"1627";"UK_1558"
"1628";"France_5476"
"1629";"Brazil_9028"
"1630";"Brazil_5260"
"1631";"Brazil_9697"
"1632";"Canada_1907"
"1633";"UK_2965"
"1634";"Australia_3184"
"1635";"India_6812"
"1636";"India_1785"
"1637";"Germany_8604"
"1638";"UK_3425"
"1639";"Germany_5641"
"1640";"USA_4365"
"1641";"Australia_5158"
"1642";"Australia_4727"
"1643";"UK_7401"
"1644";"France_8078"
"1645";"USA_5884"
"1646";"USA_3104"
"1647";"Japan_6011"
"1648";"Brazil_5286"
"1649";"Brazil_1343"
"1650";"France_4940"
"1651";"Japan_9784"
"1652";"UK_6438"
"1653";"Australia_7262"
"1654";"France_8041"
"1655";"USA_6426"
"1656";"Germany_4734"
"1657";"China_5106"
"1658";"India_9408"
"1659";"Germany_6814"
"1660";"China_8787"
"1661";"India_6638"
"1662";"UK_2049"
"1663";"France_6195"
"1664";"USA_9267"
"1665";"Canada_3329"
"1666";"Japan_6841"
"1667";"USA_1025"
"1668";"Germany_2908"
"1669";"China_1033"
"1670";"Brazil_2452"
"1671";"Australia_1293"
"1672";"Canada_2498"
"1673";"India_8840"
"1674";"USA_1486"
"1675";"Brazil_2668"
"1676";"Australia_1319"
"1677";"Canada_1056"
"1678";"Australia_8203"
"1679";"UK_2355"
"1680";"India_6925"
"1681";"Canada_2380"
"1682";"India_9897"
"1683";"Japan_4633"
"1684";"UK_7957"
"1685";"Brazil_1490"
"1686";"Japan_1704"
"1687";"Germany_9964"
"1688";"Japan_2987"
"1689";"USA_3088"
"1690";"Japan_4784"
"1691";"Canada_9105"
"1692";"Brazil_3941"
"1693";"Canada_1943"
"1694";"Brazil_1448"
"1695";"Japan_1023"
"1696";"USA_6411"
"1697";"Japan_4609"
"1698";"India_2869"
"1699";"China_4043"
"1700";"Australia_5992"
"1701";"Brazil_5477"
"1702";"UK_5143"
"1703";"Australia_3417"
"1704";"Australia_9653"
"1705";"China_8663"
"1706";"India_5727"
"1707";"France_3852"
"1708";"Brazil_3646"
"1709";"UK_7616"
"1710";"UK_3896"
"1711";"Brazil_5486"
"1712";"Brazil_6177"
"1713";"Germany_4994"
"1714";"UK_3290"
"1715";"France_8564"
"1716";"Japan_7115"
"1717";"Germany_4115"
"1718";"Australia_5155"
"1719";"Germany_6906"
"1720";"India_3820"
"1721";"Australia_1425"
"1722";"India_1709"
"1723";"Canada_1642"
"1724";"France_6815"
"1725";"France_6723"
"1726";"Japan_3407"
"1727";"Germany_4226"
"1728";"Germany_4638"
"1729";"France_5090"
"1730";"Japan_9976"
"1731";"UK_8730"
"1732";"Australia_4101"
"1733";"France_8348"
"1734";"Australia_4705"
"1735";"UK_5263"
"1736";"France_3663"
"1737";"Brazil_4232"
"1738";"Canada_2454"
"1739";"India_8545"
"1740";"UK_5277"
"1741";"Australia_5353"
"1742";"Canada_9218"
"1743";"China_9963"
"1744";"China_7337"
"1745";"Australia_4740"
"1746";"USA_6037"
"1747";"Australia_9054"
"1748";"France_9688"
"1749";"Canada_3602"
"1750";"China_8251"
"1751";"Brazil_7354"
"1752";"India_2470"
"1753";"Japan_7753"
"1754";"Brazil_8073"
"1755";"France_2623"
"1756";"Australia_4187"
"1757";"Japan_1956"
"1758";"Japan_8489"
"1759";"Canada_8681"
"1760";"Germany_7541"
"1761";"Canada_2150"
"1762";"Brazil_8994"
"1763";"Brazil_7544"
"1764";"India_8391"
"1765";"USA_1539"
"1766";"UK_7726"
"1767";"China_6952"
"1768";"UK_8557"
"1769";"Australia_1019"
"1770";"India_5347"
"1771";"USA_2420"
"1772";"Germany_6874"
"1773";"UK_9820"
"1774";"UK_7729"
"1775";"UK_4479"
"1776";"USA_6549"
"1777";"Japan_3114"
"1778";"Australia_9240"
"1779";"Japan_3544"
"1780";"France_2168"
"1781";"Brazil_9309"
"1782";"India_4370"
"1783";"China_8247"
"1784";"Japan_9361"
"1785";"Japan_4650"
"1786";"USA_4103"
"1787";"Australia_9118"
"1788";"Australia_1317"
"1789";"USA_5958"
"1790";"Australia_2352"
"1791";"Japan_9066"
"1792";"Germany_7103"
"1793";"UK_8365"
"1794";"USA_5004"
"1795";"Japan_1804"
"1796";"Australia_7235"
"1797";"Canada_4229"
"1798";"UK_6250"
"1799";"USA_8683"
"1800";"UK_9742"
"1801";"USA_7944"
"1802";"Germany_9259"
"1803";"Canada_5435"
"1804";"China_1943"
"1805";"Australia_5996"
"1806";"Japan_6436"
"1807";"India_5331"
"1808";"Canada_7370"
"1809";"Brazil_2062"
"1810";"India_8856"
"1811";"Canada_5701"
"1812";"UK_1627"
"1813";"France_6601"
"1814";"Germany_2777"
"1815";"China_2363"
"1816";"France_1914"
"1817";"UK_6096"
"1818";"UK_8605"
"1819";"Germany_9630"
"1820";"Canada_6529"
"1821";"USA_1390"
"1822";"Japan_3657"
"1823";"Germany_2974"
"1824";"Brazil_5595"
"1825";"India_7546"
"1826";"Germany_3016"
"1827";"Japan_7397"
"1828";"France_5397"
"1829";"Brazil_8975"
"1830";"Brazil_4952"
"1831";"China_4322"
"1832";"Japan_1554"
"1833";"Germany_8625"
"1834";"India_5902"
"1835";"Japan_7507"
"1836";"Japan_8520"
"1837";"Australia_4318"
"1838";"China_5369"
"1839";"Canada_9154"
"1840";"China_8616"
"1841";"India_9319"
"1842";"Australia_9513"
"1843";"Japan_6876"
"1844";"USA_9035"
"1845";"UK_1790"
"1846";"France_6697"
"1847";"Germany_3131"
"1848";"UK_8220"
"1849";"Australia_2004"
"1850";"Japan_9100"
"1851";"France_1866"
"1852";"Brazil_7553"
"1853";"Canada_9715"
"1854";"USA_8614"
"1855";"China_4230"
"1856";"Germany_2859"
"1857";"Japan_7249"
"1858";"Germany_4003"
"1859";"Canada_1815"
"1860";"China_7471"
"1861";"Canada_8609"
"1862";"Japan_6347"
"1863";"India_7119"
"1864";"USA_6147"
"1865";"Germany_7731"
"1866";"Canada_1563"
"1867";"France_5130"
"1868";"China_2404"
"1869";"Japan_8508"
"1870";"USA_5018"
"1871";"Japan_9776"
"1872";"Brazil_5592"
"1873";"Brazil_9269"
"1874";"UK_8785"
"1875";"France_2504"
"1876";"USA_4507"
"1877";"Germany_9101"
"1878";"Canada_6369"
"1879";"Canada_3106"
"1880";"France_1693"
"1881";"China_4212"
"1882";"Japan_1805"
"1883";"France_5389"
"1884";"China_5147"
"1885";"UK_4301"
"1886";"UK_8403"
"1887";"USA_3954"
"1888";"USA_8503"
"1889";"Japan_8984"
"1890";"Germany_4173"
"1891";"France_7425"
"1892";"UK_4527"
"1893";"Canada_1196"
"1894";"Australia_8985"
"1895";"Canada_6948"
"1896";"France_6162"
"1897";"Australia_9539"
"1898";"China_8790"
"1899";"USA_9165"
"1900";"Canada_5037"
"1901";"France_4220"
"1902";"USA_7842"
"1903";"Australia_3022"
"1904";"Canada_4856"
"1905";"Germany_2066"
"1906";"USA_4563"
"1907";"France_5095"
"1908";"Japan_1740"
"1909";"Australia_5219"
"1910";"Australia_2494"
"1911";"Brazil_9431"
"1912";"India_3748"
"1913";"Germany_4342"
"1914";"Germany_3773"
"1915";"India_5617"
"1916";"Australia_9765"
"1917";"UK_8995"
"1918";"France_2023"
"1919";"UK_2480"
"1920";"USA_1922"
"1921";"USA_5197"
"1922";"Brazil_9453"
"1923";"India_6838"
"1924";"UK_8858"
"1925";"Germany_7759"
"1926";"Australia_4711"
"1927";"India_1682"
"1928";"USA_7555"
"1929";"India_2412"
"1930";"France_4845"
"1931";"Australia_7344"
"1932";"Australia_5947"
"1933";"China_1896"
"1934";"Canada_9503"
"1935";"UK_1505"
"1936";"Australia_6061"
"1937";"China_2621"
"1938";"France_4249"
"1939";"India_3149"
"1940";"India_3597"
"1941";"Germany_4004"
"1942";"Australia_7707"
"1943";"Japan_2394"
"1944";"China_3123"
"1945";"UK_1791"
"1946";"France_5922"
"1947";"India_6402"
"1948";"Brazil_5350"
"1949";"Brazil_8044"
"1950";"Australia_5692"
"1951";"Germany_8746"
"1952";"Brazil_6953"
"1953";"China_8406"
"1954";"Brazil_7142"
"1955";"UK_6038"
"1956";"India_5445"
"1957";"Australia_4128"
"1958";"Japan_2419"
"1959";"Brazil_8827"
"1960";"China_1941"
"1961";"Canada_2441"
"1962";"UK_1911"
"1963";"China_5345"
"1964";"USA_3369"
"1965";"Brazil_6910"
"1966";"Japan_1977"
"1967";"Japan_2366"
"1968";"Japan_9176"
"1969";"France_9054"
"1970";"UK_8443"
"1971";"Germany_6939"
"1972";"India_1864"
"1973";"Germany_8961"
"1974";"USA_9498"
"1975";"Australia_9818"
"1976";"Brazil_2064"
"1977";"USA_4864"
"1978";"Japan_1835"
"1979";"Germany_9104"
"1980";"USA_3459"
"1981";"China_1793"
"1982";"India_2934"
"1983";"China_3618"
"1984";"India_6336"
"1985";"Japan_6833"
"1986";"USA_9797"
"1987";"Australia_7654"
"1988";"Japan_3255"
"1989";"USA_1970"
"1990";"India_8141"
"1991";"Brazil_1957"
"1992";"Brazil_8910"
"1993";"Brazil_7677"
"1994";"India_2676"
"1995";"Japan_8756"
"1996";"Canada_7277"
"1997";"China_5459"
"1998";"Australia_2231"
"1999";"China_2269"
"2000";"France_5026"
"2001";"France_3075"
"2002";"Japan_4194"
"2003";"UK_7022"
"2004";"France_5683"
"2005";"India_8779"
"2006";"India_7655"
"2007";"Germany_3447"
"2008";"Brazil_5594"
"2009";"UK_3267"
"2010";"Australia_2736"
"2011";"China_4579"
"2012";"Japan_8375"
"2013";"Canada_9917"
"2014";"India_5060"
"2015";"India_6897"
"2016";"Canada_4509"
"2017";"USA_5597"
"2018";"USA_2764"
"2019";"France_2156"
"2020";"India_7083"
"2021";"Australia_7189"
"2022";"Germany_9846"
"2023";"Japan_5371"
"2024";"Australia_4444"
"2025";"Brazil_9105"
"2026";"India_7001"
"2027";"USA_6082"
"2028";"Germany_7548"
"2029";"USA_7677"
"2030";"USA_5936"
"2031";"Canada_7701"
"2032";"Brazil_2906"
"2033";"Australia_3905"
"2034";"Germany_3048"
"2035";"Brazil_4762"
"2036";"Japan_9051"
"2037";"France_3115"
"2038";"Germany_4730"
"2039";"Brazil_7848"
"2040";"Germany_7543"
"2041";"Germany_9697"
"2042";"France_8352"
"2043";"Germany_8422"
"2044";"China_3853"
"2045";"Australia_6416"
"2046";"India_6230"
"2047";"Japan_6637"
"2048";"USA_7038"
"2049";"India_1996"
"2050";"Germany_1577"
"2051";"Brazil_3009"
"2052";"Germany_6978"
"2053";"UK_6507"
"2054";"Canada_6832"
"2055";"Australia_8249"
"2056";"UK_5248"
"2057";"Germany_7475"
"2058";"Australia_4800"
"2059";"USA_5933"
"2060";"Canada_6536"
"2061";"Australia_7787"
"2062";"Brazil_8126"
"2063";"France_3313"
"2064";"China_7826"
"2065";"Japan_1875"
"2066";"Germany_1198"
"2067";"China_5895"
"2068";"France_2217"
"2069";"India_7080"
"2070";"Australia_6576"
"2071";"USA_7234"
"2072";"USA_6266"
"2073";"France_8951"
"2074";"Brazil_5675"
"2075";"India_9269"
"2076";"Australia_8042"
"2077";"UK_6389"
"2078";"India_4011"
"2079";"France_9705"
"2080";"India_4312"
"2081";"Japan_3591"
"2082";"Germany_2415"
"2083";"France_4565"
"2084";"Canada_2015"
"2085";"China_6201"
"2086";"France_9680"
"2087";"Canada_2115"
"2088";"India_7080"
"2089";"Australia_7478"
"2090";"France_6373"
"2091";"Australia_8789"
"2092";"Australia_1645"
"2093";"Australia_6163"
"2094";"China_3295"
"2095";"Brazil_7148"
"2096";"China_7151"
"2097";"USA_8546"
"2098";"Japan_8013"
"2099";"UK_3340"
"2100";"France_9339"
"2101";"India_3387"
"2102";"Canada_7300"
"2103";"Japan_9231"
"2104";"China_1685"
"2105";"India_2935"
"2106";"Brazil_4611"
"2107";"France_7197"
"2108";"China_5241"
"2109";"Canada_7812"
"2110";"India_2270"
"2111";"Germany_8815"
"2112";"UK_3065"
"2113";"Canada_5897"
"2114";"UK_3466"
"2115";"Germany_3776"
"2116";"Canada_4565"
"2117";"USA_7758"
"2118";"USA_7318"
"2119";"UK_6218"
"2120";"India_7290"
"2121";"Canada_1553"
"2122";"Japan_8903"
"2123";"France_2179"
"2124";"UK_6278"
"2125";"UK_9685"
"2126";"UK_1506"
"2127";"Australia_4463"
"2128";"UK_8241"
"2129";"India_8425"
"2130";"UK_4914"
"2131";"Canada_8548"
"2132";"France_1180"
"2133";"France_8501"
"2134";"Germany_6895"
"2135";"UK_9503"
"2136";"China_1510"
"2137";"UK_6171"
"2138";"India_4665"
"2139";"UK_6092"
"2140";"UK_1772"
"2141";"France_5835"
"2142";"India_4924"
"2143";"USA_5051"
"2144";"China_6650"
"2145";"China_8902"
"2146";"USA_1298"
"2147";"China_7542"
"2148";"Australia_5629"
"2149";"France_3080"
"2150";"Germany_7870"
"2151";"Australia_4805"
"2152";"India_2468"
"2153";"France_3655"
"2154";"Brazil_2245"
"2155";"Canada_9759"
"2156";"India_3226"
"2157";"USA_9463"
"2158";"Canada_6771"
"2159";"Australia_7484"
"2160";"Japan_9259"
"2161";"China_9572"
"2162";"France_8536"
"2163";"France_4041"
"2164";"UK_8953"
"2165";"Germany_7742"
"2166";"Australia_3522"
"2167";"Germany_6255"
"2168";"Germany_6140"
"2169";"Germany_6379"
"2170";"Japan_2948"
"2171";"Canada_7603"
"2172";"Brazil_9931"
"2173";"Germany_3273"
"2174";"UK_8818"
"2175";"France_3084"
"2176";"Germany_6234"
"2177";"France_9704"
"2178";"Canada_2278"
"2179";"India_9956"
"2180";"China_6655"
"2181";"UK_9848"
"2182";"UK_1226"
"2183";"USA_6657"
"2184";"China_7453"
"2185";"Germany_9692"
"2186";"France_9072"
"2187";"Brazil_4142"
"2188";"Australia_6058"
"2189";"Brazil_5834"
"2190";"USA_2321"
"2191";"Canada_9592"
"2192";"UK_8373"
"2193";"Canada_9768"
"2194";"India_2242"
"2195";"Japan_8690"
"2196";"Australia_9937"
"2197";"India_2599"
"2198";"China_4956"
"2199";"Brazil_7771"
"2200";"Australia_4048"
"2201";"China_6980"
"2202";"USA_6189"
"2203";"France_9776"
"2204";"Canada_4043"
"2205";"UK_6844"
"2206";"Germany_3655"
"2207";"USA_7858"
"2208";"Germany_8416"
"2209";"Brazil_8181"
"2210";"Germany_7707"
"2211";"Germany_9804"
"2212";"France_8924"
"2213";"China_9315"
"2214";"Germany_6679"
"2215";"China_7068"
"2216";"Canada_2193"
"2217";"UK_5058"
"2218";"Australia_4363"
"2219";"Brazil_1387"
"2220";"China_5093"
"2221";"USA_3286"
"2222";"Brazil_7597"
"2223";"UK_6784"
"2224";"Australia_6528"
"2225";"USA_8981"
"2226";"UK_3884"
"2227";"Japan_1971"
"2228";"Japan_2501"
"2229";"China_2785"
"2230";"China_3405"
"2231";"India_3641"
"2232";"Germany_2535"
"2233";"Japan_6408"
"2234";"USA_8943"
"2235";"India_4251"
"2236";"Brazil_9287"
"2237";"Canada_3194"
"2238";"Japan_4106"
"2239";"Brazil_4266"
"2240";"USA_8108"
"2241";"Germany_7663"
"2242";"Germany_9638"
"2243";"Germany_6150"
"2244";"Australia_3113"
"2245";"India_3801"
"2246";"France_8201"
"2247";"Australia_4622"
"2248";"UK_5020"
"2249";"Germany_8790"
"2250";"India_4835"
"2251";"USA_3763"
"2252";"USA_9987"
"2253";"Germany_2893"
"2254";"China_1090"
"2255";"Brazil_3674"
"2256";"Brazil_6007"
"2257";"USA_9076"
"2258";"USA_1378"
"2259";"China_7497"
"2260";"Australia_4049"
"2261";"China_9457"
"2262";"Australia_8258"
"2263";"India_8791"
"2264";"USA_2703"
"2265";"Germany_8248"
"2266";"Japan_6392"
"2267";"USA_2213"
"2268";"USA_2522"
"2269";"France_1004"
"2270";"Germany_5381"
"2271";"UK_3218"
"2272";"Germany_3714"
"2273";"Canada_5612"
"2274";"China_1199"
"2275";"UK_8287"
"2276";"USA_2672"
"2277";"France_3192"
"2278";"France_9603"
"2279";"USA_9730"
"2280";"Australia_8440"
"2281";"India_9802"
"2282";"Japan_2283"
"2283";"Brazil_9154"
"2284";"UK_9388"
"2285";"Brazil_5997"
"2286";"USA_2458"
"2287";"Australia_1728"
"2288";"Germany_1718"
"2289";"India_8091"
"2290";"UK_3277"
"2291";"Germany_7446"
"2292";"India_3987"
"2293";"Australia_8750"
"2294";"USA_4371"
"2295";"Canada_4300"
"2296";"UK_6366"
"2297";"USA_1255"
"2298";"Japan_2548"
"2299";"UK_1128"
"2300";"Australia_7502"
"2301";"France_6390"
"2302";"Australia_8888"
"2303";"Australia_3369"
"2304";"USA_2033"
"2305";"India_8302"
"2306";"UK_4439"
"2307";"India_9635"
"2308";"China_8121"
"2309";"China_4588"
"2310";"China_5087"
"2311";"India_1375"
"2312";"UK_7335"
"2313";"Japan_9999"
"2314";"USA_6973"
"2315";"UK_6498"
"2316";"Canada_6714"
"2317";"Canada_6093"
"2318";"UK_1345"
"2319";"Australia_6712"
"2320";"USA_7437"
"2321";"Canada_8898"
"2322";"China_3134"
"2323";"Brazil_6467"
"2324";"Germany_4679"
"2325";"China_3706"
"2326";"Australia_1302"
"2327";"India_9389"
"2328";"Japan_4672"
"2329";"USA_4280"
"2330";"Germany_3266"
"2331";"Brazil_5541"
"2332";"UK_3890"
"2333";"China_6037"
"2334";"Japan_7702"
"2335";"Japan_2006"
"2336";"France_4802"
"2337";"Germany_1194"
"2338";"China_6477"
"2339";"Brazil_4317"
"2340";"Australia_5741"
"2341";"Japan_7223"
"2342";"Germany_4566"
"2343";"Germany_3751"
"2344";"India_3183"
"2345";"USA_8721"
"2346";"UK_2061"
"2347";"China_5666"
"2348";"Canada_8116"
"2349";"USA_4219"
"2350";"Australia_7117"
"2351";"Australia_7258"
"2352";"Germany_1857"
"2353";"USA_5967"
"2354";"Canada_6664"
"2355";"Australia_9911"
"2356";"Brazil_2343"
"2357";"Canada_9320"
"2358";"China_3004"
"2359";"China_9205"
"2360";"Germany_3855"
"2361";"Australia_8405"
"2362";"India_8006"
"2363";"China_4477"
"2364";"Japan_4014"
"2365";"France_8983"
"2366";"China_8552"
"2367";"India_9651"
"2368";"France_7401"
"2369";"UK_8771"
"2370";"Australia_1042"
"2371";"India_3854"
"2372";"Australia_9862"
"2373";"China_8696"
"2374";"UK_4464"
"2375";"UK_6566"
"2376";"Canada_3587"
"2377";"China_9065"
"2378";"Canada_4960"
"2379";"France_3663"
"2380";"UK_6966"
"2381";"France_9397"
"2382";"UK_7843"
"2383";"India_1445"
"2384";"India_1881"
"2385";"Australia_4731"
"2386";"India_9972"
"2387";"Brazil_2887"
"2388";"France_1112"
"2389";"Germany_4147"
"2390";"Australia_5790"
"2391";"China_9696"
"2392";"Japan_6109"
"2393";"China_1810"
"2394";"USA_6410"
"2395";"Germany_6502"
"2396";"Japan_2857"
"2397";"Canada_4770"
"2398";"Germany_1920"
"2399";"India_2559"
"2400";"France_4353"
"2401";"USA_5670"
"2402";"Canada_5559"
"2403";"Brazil_9597"
"2404";"India_6318"
"2405";"Japan_6674"
"2406";"USA_6950"
"2407";"UK_8983"
"2408";"France_9127"
"2409";"UK_2581"
"2410";"UK_2898"
"2411";"Canada_4831"
"2412";"Germany_2723"
"2413";"Germany_8258"
"2414";"Japan_6404"
"2415";"USA_2349"
"2416";"USA_5004"
"2417";"Japan_1940"
"2418";"Germany_9835"
"2419";"France_7401"
"2420";"UK_7102"
"2421";"France_5344"
"2422";"UK_1612"
"2423";"Japan_9549"
"2424";"Brazil_4925"
"2425";"Japan_7631"
"2426";"Brazil_1669"
"2427";"Brazil_8038"
"2428";"France_2711"
"2429";"Germany_6160"
"2430";"France_2644"
"2431";"USA_3805"
"2432";"India_3507"
"2433";"Canada_5392"
"2434";"Japan_7896"
"2435";"Brazil_2501"
"2436";"USA_3449"
"2437";"Brazil_7026"
"2438";"Japan_3458"
"2439";"Australia_2476"
"2440";"Japan_6917"
"2441";"Australia_1151"
"2442";"Brazil_4615"
"2443";"Australia_5333"
"2444";"Australia_5800"
"2445";"Germany_8201"
"2446";"France_4629"
"2447";"Australia_5140"
"2448";"Canada_2015"
"2449";"Japan_1018"
"2450";"India_1218"
"2451";"USA_4978"
"2452";"UK_2624"
"2453";"USA_5066"
"2454";"Japan_9647"
"2455";"Brazil_2693"
"2456";"Germany_9348"
"2457";"USA_9383"
"2458";"Canada_4149"
"2459";"India_3393"
"2460";"USA_9134"
"2461";"India_8020"
"2462";"Japan_7171"
"2463";"Japan_1073"
"2464";"Canada_9862"
"2465";"Australia_6717"
"2466";"Canada_2881"
"2467";"Australia_3281"
"2468";"USA_9412"
"2469";"Canada_5303"
"2470";"Japan_7050"
"2471";"Germany_5238"
"2472";"Brazil_9067"
"2473";"Brazil_8134"
"2474";"Canada_9955"
"2475";"USA_7933"
"2476";"Australia_7146"
"2477";"Canada_1385"
"2478";"France_6999"
"2479";"Japan_3529"
"2480";"Germany_4068"
"2481";"Australia_9526"
"2482";"France_9387"
"2483";"UK_2633"
"2484";"UK_1537"
"2485";"France_5506"
"2486";"Brazil_9781"
"2487";"USA_1291"
"2488";"France_8511"
"2489";"Germany_6094"
"2490";"France_3198"
"2491";"Germany_5916"
"2492";"Australia_2621"
"2493";"Brazil_5565"
"2494";"USA_1153"
"2495";"China_7824"
"2496";"France_3279"
"2497";"China_9888"
"2498";"Japan_5364"
"2499";"Australia_3937"
"2500";"France_8520"
"2501";"Germany_9456"
"2502";"Canada_3994"
"2503";"UK_8784"
"2504";"Germany_4953"
"2505";"UK_6061"
"2506";"Brazil_7593"
"2507";"India_8716"
"2508";"Canada_7269"
"2509";"China_5678"
"2510";"Germany_6460"
"2511";"China_8646"
"2512";"India_7140"
"2513";"Canada_3845"
"2514";"China_8801"
"2515";"India_6617"
"2516";"UK_1520"
"2517";"Australia_5336"
"2518";"Germany_6698"
"2519";"UK_7240"
"2520";"China_5291"
"2521";"Canada_8376"
"2522";"Australia_3529"
"2523";"Australia_9675"
"2524";"China_8063"
"2525";"China_3137"
"2526";"India_5028"
"2527";"USA_4315"
"2528";"Germany_9728"
"2529";"Japan_2002"
"2530";"China_4497"
"2531";"China_4418"
"2532";"China_7485"
"2533";"Canada_3452"
"2534";"France_7221"
"2535";"UK_7133"
"2536";"France_7537"
"2537";"UK_7015"
"2538";"Germany_2447"
"2539";"France_1373"
"2540";"Japan_4061"
"2541";"Japan_1813"
"2542";"France_6900"
"2543";"France_6780"
"2544";"Japan_3727"
"2545";"France_9806"
"2546";"USA_8775"
"2547";"Brazil_6466"
"2548";"France_7882"
"2549";"Canada_1574"
"2550";"France_3969"
"2551";"USA_7242"
"2552";"India_2884"
"2553";"Brazil_7632"
"2554";"India_2061"
"2555";"Australia_6471"
"2556";"Brazil_5413"
"2557";"Brazil_8612"
"2558";"Japan_6919"
"2559";"Australia_8962"
"2560";"Australia_9003"
"2561";"France_9405"
"2562";"USA_7676"
"2563";"Australia_7208"
"2564";"Canada_4867"
"2565";"Canada_9598"
"2566";"India_3562"
"2567";"Australia_8302"
"2568";"India_8689"
"2569";"India_9377"
"2570";"Australia_9959"
"2571";"UK_5832"
"2572";"UK_3176"
"2573";"Canada_7861"
"2574";"UK_3781"
"2575";"China_1097"
"2576";"Japan_4826"
"2577";"India_9828"
"2578";"China_8295"
"2579";"Brazil_6155"
"2580";"Germany_6298"
"2581";"France_1271"
"2582";"Germany_3474"
"2583";"UK_9574"
"2584";"Brazil_6640"
"2585";"Germany_4007"
"2586";"Australia_7379"
"2587";"France_5136"
"2588";"China_4184"
"2589";"France_6272"
"2590";"Australia_9524"
"2591";"China_7502"
"2592";"Germany_2823"
"2593";"France_4130"
"2594";"UK_8062"
"2595";"India_8017"
"2596";"Brazil_7761"
"2597";"Australia_3307"
"2598";"Australia_1985"
"2599";"Germany_7965"
"2600";"Japan_7468"
"2601";"China_7213"
"2602";"USA_6847"
"2603";"Brazil_2172"
"2604";"Canada_6653"
"2605";"France_7856"
"2606";"Canada_8389"
"2607";"Germany_7686"
"2608";"Australia_7532"
"2609";"Germany_1952"
"2610";"USA_5292"
"2611";"UK_1990"
"2612";"Brazil_8183"
"2613";"France_2578"
"2614";"Australia_2338"
"2615";"China_3217"
"2616";"India_4092"
"2617";"Japan_3803"
"2618";"France_8437"
"2619";"Germany_9069"
"2620";"India_6389"
"2621";"Brazil_3770"
"2622";"India_5140"
"2623";"India_9728"
"2624";"Japan_3579"
"2625";"France_7446"
"2626";"India_1278"
"2627";"India_2264"
"2628";"France_4512"
"2629";"Canada_2361"
"2630";"UK_4261"
"2631";"UK_5711"
"2632";"Brazil_7170"
"2633";"Brazil_3827"
"2634";"UK_8198"
"2635";"USA_4320"
"2636";"Australia_8298"
"2637";"UK_1783"
"2638";"China_4203"
"2639";"Japan_9810"
"2640";"India_4572"
"2641";"China_7582"
"2642";"Australia_3914"
"2643";"China_6124"
"2644";"China_9132"
"2645";"Australia_1392"
"2646";"USA_7264"
"2647";"UK_8502"
"2648";"Canada_6164"
"2649";"Canada_4594"
"2650";"Australia_4813"
"2651";"USA_5114"
"2652";"Brazil_8858"
"2653";"Brazil_5271"
"2654";"UK_2431"
"2655";"India_7751"
"2656";"Japan_8396"
"2657";"Canada_8769"
"2658";"France_1051"
"2659";"Germany_4052"
"2660";"Canada_4529"
"2661";"USA_4581"
"2662";"Japan_1290"
"2663";"Canada_1291"
"2664";"Germany_3928"
"2665";"USA_9014"
"2666";"UK_9924"
"2667";"USA_8440"
"2668";"Japan_8053"
"2669";"UK_5046"
"2670";"Australia_5397"
"2671";"Australia_3144"
"2672";"USA_2162"
"2673";"USA_3783"
"2674";"USA_7426"
"2675";"USA_8057"
"2676";"Australia_5250"
"2677";"Canada_9248"
"2678";"China_2458"
"2679";"Germany_8484"
"2680";"China_4083"
"2681";"Germany_1221"
"2682";"Brazil_4458"
"2683";"Canada_1716"
"2684";"Japan_1481"
"2685";"Canada_3710"
"2686";"Japan_3157"
"2687";"Australia_8605"
"2688";"Canada_9087"
"2689";"Japan_5205"
"2690";"Germany_8119"
"2691";"Japan_8430"
"2692";"Canada_6093"
"2693";"Canada_3897"
"2694";"UK_1218"
"2695";"USA_6075"
"2696";"Germany_5468"
"2697";"USA_4220"
"2698";"Canada_3977"
"2699";"Brazil_1579"
"2700";"Brazil_3220"
"2701";"France_1963"
"2702";"Brazil_8325"
"2703";"France_5522"
"2704";"China_2986"
"2705";"Brazil_7041"
"2706";"China_7903"
"2707";"France_5805"
"2708";"UK_3174"
"2709";"Australia_8059"
"2710";"India_7560"
"2711";"France_8123"
"2712";"USA_5298"
"2713";"Brazil_9552"
"2714";"USA_7819"
"2715";"Germany_8593"
"2716";"UK_2893"
"2717";"Canada_4647"
"2718";"Germany_8266"
"2719";"Brazil_7225"
"2720";"UK_8889"
"2721";"Germany_4873"
"2722";"UK_3598"
"2723";"Japan_6502"
"2724";"UK_1171"
"2725";"USA_8722"
"2726";"China_2187"
"2727";"Germany_8060"
"2728";"Japan_7455"
"2729";"China_6108"
"2730";"Japan_3973"
"2731";"Brazil_2511"
"2732";"Australia_2958"
"2733";"India_6612"
"2734";"UK_9018"
"2735";"France_3827"
"2736";"China_9553"
"2737";"Germany_3063"
"2738";"Brazil_8234"
"2739";"Australia_2875"
"2740";"India_7533"
"2741";"Germany_9248"
"2742";"Australia_8913"
"2743";"Germany_5127"
"2744";"India_8198"
"2745";"Brazil_1615"
"2746";"Japan_1918"
"2747";"France_3913"
"2748";"India_3083"
"2749";"India_5371"
"2750";"Australia_2309"
"2751";"China_4527"
"2752";"Japan_2243"
"2753";"China_1874"
"2754";"Australia_6432"
"2755";"Brazil_6350"
"2756";"Australia_8759"
"2757";"Australia_1278"
"2758";"USA_8461"
"2759";"France_5262"
"2760";"France_5839"
"2761";"UK_9589"
"2762";"India_3643"
"2763";"Australia_9926"
"2764";"Brazil_2808"
"2765";"Germany_9032"
"2766";"UK_2336"
"2767";"Brazil_8100"
"2768";"Germany_6874"
"2769";"India_3720"
"2770";"Australia_8810"
"2771";"Canada_7919"
"2772";"India_8184"
"2773";"UK_3220"
"2774";"Germany_5522"
"2775";"USA_3951"
"2776";"USA_7380"
"2777";"USA_5661"
"2778";"Canada_5140"
"2779";"Japan_1718"
"2780";"Australia_4380"
"2781";"UK_4757"
"2782";"Australia_5965"
"2783";"Japan_7531"
"2784";"France_8401"
"2785";"Australia_1855"
"2786";"France_4642"
"2787";"Germany_8507"
"2788";"UK_2867"
"2789";"Canada_4911"
"2790";"France_4515"
"2791";"Australia_5589"
"2792";"France_2566"
"2793";"Canada_7454"
"2794";"Brazil_1535"
"2795";"China_7082"
"2796";"India_3756"
"2797";"Australia_7620"
"2798";"Japan_2992"
"2799";"India_6275"
"2800";"China_2290"
"2801";"Australia_5036"
"2802";"USA_3091"
"2803";"Brazil_4407"
"2804";"Germany_1922"
"2805";"USA_5857"
"2806";"USA_3989"
"2807";"India_5088"
"2808";"India_6779"
"2809";"Canada_2005"
"2810";"UK_4100"
"2811";"UK_5862"
"2812";"UK_2480"
"2813";"UK_3362"
"2814";"Germany_5566"
"2815";"USA_3504"
"2816";"UK_7478"
"2817";"Brazil_2549"
"2818";"Canada_8143"
"2819";"USA_5779"
"2820";"USA_9526"
"2821";"Germany_2986"
"2822";"Brazil_6997"
"2823";"China_7084"
"2824";"USA_8620"
"2825";"China_1023"
"2826";"Brazil_4860"
"2827";"Germany_2143"
"2828";"USA_5986"
"2829";"Canada_4454"
"2830";"Canada_3756"
"2831";"Japan_4273"
"2832";"Brazil_2389"
"2833";"Canada_6942"
"2834";"Japan_2396"
"2835";"Brazil_1051"
"2836";"Australia_7401"
"2837";"France_5174"
"2838";"China_4694"
"2839";"China_6626"
"2840";"Brazil_2659"
"2841";"Germany_8890"
"2842";"UK_9979"
"2843";"Canada_1595"
"2844";"Japan_3496"
"2845";"Australia_7071"
"2846";"Germany_3889"
"2847";"USA_1255"
"2848";"France_6857"
"2849";"Japan_1995"
"2850";"China_3190"
"2851";"India_6669"
"2852";"UK_8010"
"2853";"India_2174"
"2854";"Australia_5225"
"2855";"Canada_7710"
"2856";"India_9474"
"2857";"Japan_2617"
"2858";"India_9461"
"2859";"Germany_3204"
"2860";"UK_2743"
"2861";"India_5284"
"2862";"Australia_3720"
"2863";"Germany_5131"
"2864";"Brazil_1019"
"2865";"Australia_9181"
"2866";"Australia_3279"
"2867";"India_6667"
"2868";"UK_7170"
"2869";"Japan_4233"
"2870";"China_6905"
"2871";"India_3101"
"2872";"India_5770"
"2873";"France_9736"
"2874";"Australia_7057"
"2875";"Germany_1464"
"2876";"India_9303"
"2877";"France_1587"
"2878";"Japan_9432"
"2879";"Brazil_2932"
"2880";"Japan_6821"
"2881";"Canada_4211"
"2882";"India_9624"
"2883";"China_9965"
"2884";"Japan_3719"
"2885";"France_7982"
"2886";"Canada_1187"
"2887";"Canada_4725"
"2888";"USA_7101"
"2889";"Brazil_2387"
"2890";"Canada_8455"
"2891";"Australia_4158"
"2892";"Japan_2919"
"2893";"USA_9033"
"2894";"USA_1369"
"2895";"China_7714"
"2896";"Germany_8258"
"2897";"Brazil_6469"
"2898";"Japan_3589"
"2899";"France_9976"
"2900";"Canada_4243"
"2901";"UK_8840"
"2902";"Australia_3784"
"2903";"Australia_1346"
"2904";"India_9519"
"2905";"Japan_6759"
"2906";"USA_6757"
"2907";"Brazil_4547"
"2908";"Australia_7596"
"2909";"France_4407"
"2910";"Australia_6372"
"2911";"UK_9417"
"2912";"Brazil_4570"
"2913";"Germany_2089"
"2914";"Canada_7554"
"2915";"UK_7735"
"2916";"China_6985"
"2917";"UK_9106"
"2918";"France_2143"
"2919";"UK_3780"
"2920";"China_7537"
"2921";"Germany_1179"
"2922";"China_8570"
"2923";"Brazil_8234"
"2924";"Germany_7322"
"2925";"Canada_2012"
"2926";"Brazil_8329"
"2927";"France_5157"
"2928";"France_5024"
"2929";"France_4049"
"2930";"India_4723"
"2931";"Brazil_8300"
"2932";"Japan_7206"
"2933";"France_8207"
"2934";"Canada_1096"
"2935";"Canada_9962"
"2936";"Australia_8424"
"2937";"India_7406"
"2938";"Germany_1897"
"2939";"USA_5397"
"2940";"UK_4483"
"2941";"India_9597"
"2942";"China_6995"
"2943";"Canada_1537"
"2944";"Japan_2260"
"2945";"China_2109"
"2946";"Germany_1739"
"2947";"UK_5058"
"2948";"Germany_8451"
"2949";"Brazil_7058"
"2950";"Brazil_4044"
"2951";"India_4316"
"2952";"Japan_9616"
"2953";"UK_8864"
"2954";"France_9868"
"2955";"Australia_8724"
"2956";"Canada_4952"
"2957";"France_6579"
"2958";"Australia_8427"
"2959";"USA_1913"
"2960";"USA_5515"
"2961";"India_6570"
"2962";"India_3193"
"2963";"USA_1552"
"2964";"Brazil_9758"
"2965";"Australia_9437"
"2966";"France_1491"
"2967";"France_6395"
"2968";"Australia_9098"
"2969";"Germany_7305"
"2970";"India_2913"
"2971";"Brazil_7601"
"2972";"India_1206"
"2973";"UK_8518"
"2974";"Canada_6995"
"2975";"Japan_2253"
"2976";"Brazil_6855"
"2977";"Brazil_1970"
"2978";"USA_2744"
"2979";"Japan_7415"
"2980";"France_8193"
"2981";"Canada_7929"
"2982";"USA_4928"
"2983";"China_4266"
"2984";"Japan_9713"
"2985";"India_2163"
"2986";"Japan_7684"
"2987";"Brazil_9535"
"2988";"Canada_4015"
"2989";"UK_8464"
"2990";"Canada_7691"
"2991";"UK_6948"
"2992";"Australia_8803"
"2993";"Canada_5733"
"2994";"UK_2709"
"2995";"India_8872"
"2996";"USA_9197"
"2997";"Canada_4903"
"2998";"Germany_1380"
"2999";"Brazil_9092"
"3000";"India_7329"
"3001";"Canada_3430"
"3002";"France_8214"
"3003";"Germany_8202"
"3004";"Japan_9914"
"3005";"UK_6547"
"3006";"Australia_8176"
"3007";"UK_6425"
"3008";"India_3487"
"3009";"Australia_8435"
"3010";"USA_2881"
"3011";"Japan_5834"
"3012";"China_3925"
"3013";"Canada_4073"
"3014";"UK_6066"
"3015";"India_6592"
"3016";"UK_7666"
"3017";"UK_5328"
"3018";"France_5236"
"3019";"Japan_6544"
"3020";"Canada_5211"
"3021";"France_4112"
"3022";"India_4235"
"3023";"France_7461"
"3024";"UK_4652"
"3025";"Canada_3244"
"3026";"Australia_1767"
"3027";"Australia_4381"
"3028";"Brazil_4336"
"3029";"USA_6970"
"3030";"Brazil_3410"
"3031";"China_2056"
"3032";"Canada_8375"
"3033";"Australia_5621"
"3034";"Australia_4441"
"3035";"China_6790"
"3036";"UK_8042"
"3037";"India_1701"
"3038";"USA_4951"
"3039";"China_6754"
"3040";"Brazil_2779"
"3041";"France_1025"
"3042";"Germany_3471"
"3043";"India_2725"
"3044";"UK_2548"
"3045";"India_5887"
"3046";"Japan_7926"
"3047";"Brazil_7620"
"3048";"Canada_1454"
"3049";"Germany_4043"
"3050";"USA_9731"
"3051";"Canada_4510"
"3052";"USA_7107"
"3053";"Brazil_4447"
"3054";"Canada_2528"
"3055";"India_8026"
"3056";"China_3735"
"3057";"Australia_7748"
"3058";"China_5603"
"3059";"Australia_9732"
"3060";"UK_8479"
"3061";"Australia_1513"
"3062";"Australia_6440"
"3063";"UK_9748"
"3064";"UK_1254"
"3065";"USA_8097"
"3066";"Germany_7562"
"3067";"Australia_7819"
"3068";"Japan_8495"
"3069";"Australia_1034"
"3070";"USA_6202"
"3071";"France_9536"
"3072";"USA_8371"
"3073";"Japan_1227"
"3074";"India_1978"
"3075";"Germany_8540"
"3076";"Brazil_9469"
"3077";"India_4048"
"3078";"France_9704"
"3079";"India_3954"
"3080";"France_5786"
"3081";"USA_2354"
"3082";"Australia_1661"
"3083";"Germany_1378"
"3084";"Brazil_2232"
"3085";"USA_3008"
"3086";"China_1068"
"3087";"Brazil_2226"
"3088";"USA_5690"
"3089";"India_7079"
"3090";"Canada_2289"
"3091";"India_6786"
"3092";"USA_9331"
"3093";"USA_8230"
"3094";"Japan_9399"
"3095";"Japan_5516"
"3096";"France_2211"
"3097";"India_1374"
"3098";"UK_6207"
"3099";"India_6572"
"3100";"Brazil_6009"
"3101";"USA_1023"
"3102";"Japan_1355"
"3103";"Australia_7552"
"3104";"France_5286"
"3105";"China_5472"
"3106";"USA_2402"
"3107";"Australia_5384"
"3108";"Canada_8692"
"3109";"Germany_8700"
"3110";"Brazil_6072"
"3111";"Australia_1065"
"3112";"India_1598"
"3113";"Canada_2781"
"3114";"USA_2455"
"3115";"Australia_3625"
"3116";"Australia_1781"
"3117";"Canada_1224"
"3118";"Australia_7221"
"3119";"Australia_9197"
"3120";"Australia_1749"
"3121";"Australia_4471"
"3122";"UK_6212"
"3123";"India_5791"
"3124";"Germany_9123"
"3125";"India_4233"
"3126";"China_7315"
"3127";"Canada_1898"
"3128";"China_6237"
"3129";"France_2426"
"3130";"India_7961"
"3131";"China_3440"
"3132";"Canada_2703"
"3133";"Australia_2404"
"3134";"China_3356"
"3135";"India_6137"
"3136";"Japan_5394"
"3137";"France_2261"
"3138";"USA_3422"
"3139";"UK_8679"
"3140";"Germany_8109"
"3141";"France_3962"
"3142";"India_2304"
"3143";"Japan_8115"
"3144";"India_7452"
"3145";"France_5563"
"3146";"UK_2624"
"3147";"India_8807"
"3148";"India_8708"
"3149";"India_5201"
"3150";"Australia_2453"
"3151";"Brazil_8793"
"3152";"China_1005"
"3153";"Brazil_2963"
"3154";"France_2252"
"3155";"India_7118"
"3156";"Australia_6975"
"3157";"Canada_5465"
"3158";"France_5065"
"3159";"Germany_2050"
"3160";"USA_2376"
"3161";"Germany_8702"
"3162";"Brazil_8953"
"3163";"China_1788"
"3164";"USA_7401"
"3165";"UK_7535"
"3166";"China_4562"
"3167";"Brazil_9860"
"3168";"Germany_2280"
"3169";"Germany_8594"
"3170";"Brazil_7769"
"3171";"USA_7277"
"3172";"UK_5343"
"3173";"Japan_9035"
"3174";"Germany_6575"
"3175";"China_7611"
"3176";"France_4436"
"3177";"Australia_6799"
"3178";"USA_8258"
"3179";"France_5708"
"3180";"Brazil_7145"
"3181";"Brazil_3382"
"3182";"China_8951"
"3183";"Canada_4633"
"3184";"Australia_7478"
"3185";"Germany_1395"
"3186";"Brazil_4199"
"3187";"India_4239"
"3188";"France_6743"
"3189";"France_8970"
"3190";"China_1752"
"3191";"USA_6555"
"3192";"France_9784"
"3193";"USA_9913"
"3194";"Germany_1294"
"3195";"UK_7377"
"3196";"Japan_2528"
"3197";"Brazil_8638"
"3198";"Japan_6378"
"3199";"USA_7450"
"3200";"Canada_3155"
"3201";"Australia_1895"
"3202";"Germany_7611"
"3203";"Germany_1565"
"3204";"UK_6231"
"3205";"India_5318"
"3206";"Canada_8967"
"3207";"Japan_5510"
"3208";"Japan_5985"
"3209";"UK_1125"
"3210";"Canada_3514"
"3211";"Japan_2644"
"3212";"USA_9614"
"3213";"Germany_5878"
"3214";"Canada_7159"
"3215";"Japan_2129"
"3216";"China_3028"
"3217";"UK_2375"
"3218";"Brazil_8881"
"3219";"China_3360"
"3220";"UK_1927"
"3221";"France_6370"
"3222";"Canada_4687"
"3223";"Australia_4730"
"3224";"India_2686"
"3225";"Japan_8471"
"3226";"USA_1785"
"3227";"India_2671"
"3228";"Japan_7689"
"3229";"China_5059"
"3230";"India_8917"
"3231";"Canada_6902"
"3232";"France_5893"
"3233";"Canada_4855"
"3234";"France_3212"
"3235";"China_8337"
"3236";"UK_3503"
"3237";"France_9527"
"3238";"India_5495"
"3239";"Canada_9666"
"3240";"UK_8209"
"3241";"USA_5975"
"3242";"USA_3642"
"3243";"Brazil_6429"
"3244";"Australia_8383"
"3245";"USA_2423"
"3246";"Germany_6588"
"3247";"Brazil_4370"
"3248";"Australia_5741"
"3249";"Japan_6761"
"3250";"Canada_4786"
"3251";"Canada_3091"
"3252";"Canada_6666"
"3253";"Australia_8835"
"3254";"Canada_8876"
"3255";"Germany_8127"
"3256";"France_2543"
"3257";"Australia_2167"
"3258";"Japan_9300"
"3259";"Japan_4191"
"3260";"UK_4942"
"3261";"Germany_2176"
"3262";"USA_5865"
"3263";"USA_1851"
"3264";"India_9401"
"3265";"France_8966"
"3266";"Brazil_4753"
"3267";"Japan_9622"
"3268";"Brazil_5043"
"3269";"Japan_9229"
"3270";"Japan_3974"
"3271";"Brazil_1455"
"3272";"Brazil_9871"
"3273";"Germany_3465"
"3274";"India_4003"
"3275";"France_8873"
"3276";"Japan_6565"
"3277";"USA_8881"
"3278";"UK_1655"
"3279";"France_5518"
"3280";"Brazil_8962"
"3281";"China_3607"
"3282";"India_5893"
"3283";"Germany_7497"
"3284";"USA_8415"
"3285";"France_2407"
"3286";"Canada_6011"
"3287";"USA_2550"
"3288";"Australia_3363"
"3289";"Canada_4941"
"3290";"Germany_9619"
"3291";"Germany_3299"
"3292";"India_3109"
"3293";"USA_2386"
"3294";"Canada_8350"
"3295";"Australia_2186"
"3296";"China_2379"
"3297";"Japan_7538"
"3298";"China_4818"
"3299";"UK_5703"
"3300";"China_1992"
"3301";"Australia_4520"
"3302";"UK_4965"
"3303";"Germany_8660"
"3304";"UK_2860"
"3305";"USA_3402"
"3306";"Brazil_2906"
"3307";"Japan_6604"
"3308";"USA_9324"
"3309";"USA_9725"
"3310";"Germany_1871"
"3311";"Canada_2024"
"3312";"China_3615"
"3313";"Canada_5477"
"3314";"Japan_8534"
"3315";"USA_4854"
"3316";"France_6434"
"3317";"Canada_6566"
"3318";"Canada_3847"
"3319";"Brazil_5000"
"3320";"France_6386"
"3321";"Canada_4343"
"3322";"USA_7046"
"3323";"Brazil_4789"
"3324";"Germany_9586"
"3325";"Germany_4040"
"3326";"Australia_8484"
"3327";"India_7843"
"3328";"Japan_9673"
"3329";"Brazil_5192"
"3330";"China_2592"
"3331";"China_2530"
"3332";"Japan_6740"
"3333";"Australia_6295"
"3334";"India_4951"
"3335";"India_1427"
"3336";"India_9556"
"3337";"Japan_6729"
"3338";"India_5842"
"3339";"Germany_5445"
"3340";"Canada_5879"
"3341";"India_8699"
"3342";"UK_4380"
"3343";"UK_4941"
"3344";"Germany_9451"
"3345";"Australia_9112"
"3346";"Germany_7068"
"3347";"UK_7287"
"3348";"Japan_2847"
"3349";"India_6515"
"3350";"UK_8164"
"3351";"USA_6487"
"3352";"Germany_4790"
"3353";"China_5632"
"3354";"Australia_9896"
"3355";"India_2350"
"3356";"Japan_9578"
"3357";"China_7850"
"3358";"Japan_8945"
"3359";"France_9319"
"3360";"India_6558"
"3361";"Brazil_4738"
"3362";"France_3998"
"3363";"USA_6321"
"3364";"Japan_3123"
"3365";"Australia_2459"
"3366";"Japan_9613"
"3367";"China_7531"
"3368";"Germany_2571"
"3369";"Germany_8077"
"3370";"France_4326"
"3371";"Canada_9503"
"3372";"India_6629"
"3373";"Brazil_4423"
"3374";"Australia_6375"
"3375";"UK_9333"
"3376";"China_2947"
"3377";"Japan_8000"
"3378";"Brazil_8477"
"3379";"Japan_8070"
"3380";"UK_5046"
"3381";"Australia_5238"
"3382";"Canada_9125"
"3383";"China_9236"
"3384";"Germany_3354"
"3385";"USA_7619"
"3386";"Australia_6568"
"3387";"UK_2232"
"3388";"Japan_1295"
"3389";"India_4527"
"3390";"Japan_2354"
"3391";"China_3998"
"3392";"Australia_9772"
"3393";"Japan_5694"
"3394";"France_2239"
"3395";"India_9301"
"3396";"Germany_3566"
"3397";"USA_2045"
"3398";"UK_6777"
"3399";"Canada_2351"
"3400";"USA_1690"
"3401";"India_1956"
"3402";"Australia_3948"
"3403";"Japan_3418"
"3404";"Australia_2417"
"3405";"Japan_6164"
"3406";"India_5365"
"3407";"Australia_1466"
"3408";"Australia_6569"
"3409";"India_3632"
"3410";"Australia_9884"
"3411";"Brazil_2122"
"3412";"USA_5359"
"3413";"UK_1727"
"3414";"Japan_2585"
"3415";"Brazil_6569"
"3416";"Japan_2551"
"3417";"India_7345"
"3418";"Australia_8609"
"3419";"India_7462"
"3420";"Germany_1311"
"3421";"Brazil_2754"
"3422";"Australia_4522"
"3423";"China_7149"
"3424";"USA_5143"
"3425";"UK_6371"
"3426";"UK_2770"
"3427";"UK_4288"
"3428";"Brazil_2547"
"3429";"Canada_9808"
"3430";"UK_1441"
"3431";"Canada_2106"
"3432";"Brazil_9056"
"3433";"UK_9108"
"3434";"China_1556"
"3435";"India_1593"
"3436";"USA_7264"
"3437";"UK_6691"
"3438";"Australia_7753"
"3439";"China_6100"
"3440";"France_1118"
"3441";"Germany_2345"
"3442";"Germany_7509"
"3443";"Australia_4558"
"3444";"India_1037"
"3445";"UK_5679"
"3446";"Brazil_8573"
"3447";"France_3777"
"3448";"Brazil_3615"
"3449";"UK_7693"
"3450";"UK_5642"
"3451";"China_1960"
"3452";"Australia_4470"
"3453";"UK_4302"
"3454";"USA_5509"
"3455";"USA_2954"
"3456";"Japan_6544"
"3457";"USA_7751"
"3458";"Australia_7374"
"3459";"Australia_7347"
"3460";"Germany_1226"
"3461";"Brazil_2187"
"3462";"USA_3519"
"3463";"UK_2186"
"3464";"Japan_9870"
"3465";"Brazil_5866"
"3466";"India_4630"
"3467";"India_8178"
"3468";"UK_5726"
"3469";"Japan_8186"
"3470";"UK_5014"
"3471";"Australia_3596"
"3472";"Germany_5206"
"3473";"UK_3559"
"3474";"Japan_2768"
"3475";"USA_2574"
"3476";"Germany_5987"
"3477";"France_9599"
"3478";"Canada_2494"
"3479";"Canada_6009"
"3480";"USA_1723"
"3481";"UK_5663"
"3482";"China_2095"
"3483";"Germany_6835"
"3484";"India_3021"
"3485";"India_4887"
"3486";"India_2669"
"3487";"Japan_6731"
"3488";"Canada_4880"
"3489";"Australia_5144"
"3490";"Canada_8815"
"3491";"France_4191"
"3492";"UK_9307"
"3493";"Japan_4108"
"3494";"Brazil_3306"
"3495";"China_7838"
"3496";"Japan_2175"
"3497";"Japan_6796"
"3498";"Australia_1544"
"3499";"USA_4184"
"3500";"Germany_2602"
"3501";"France_2786"
"3502";"Australia_2515"
"3503";"China_4717"
"3504";"China_3988"
"3505";"France_6329"
"3506";"Germany_3366"
"3507";"India_6996"
"3508";"India_3635"
"3509";"Canada_6100"
"3510";"UK_2183"
"3511";"China_4589"
"3512";"China_4543"
"3513";"Brazil_9031"
"3514";"India_4704"
"3515";"India_8092"
"3516";"UK_3416"
"3517";"France_1074"
"3518";"Australia_7673"
"3519";"Japan_1117"
"3520";"USA_6172"
"3521";"France_8212"
"3522";"Germany_1496"
"3523";"Brazil_8520"
"3524";"China_4426"
"3525";"France_7406"
"3526";"Brazil_1894"
"3527";"UK_5327"
"3528";"France_3170"
"3529";"France_3303"
"3530";"Germany_7229"
"3531";"UK_8623"
"3532";"Canada_8783"
"3533";"Germany_8274"
"3534";"France_6165"
"3535";"India_6678"
"3536";"UK_8395"
"3537";"Canada_9418"
"3538";"Brazil_4396"
"3539";"Australia_7761"
"3540";"Japan_8895"
"3541";"France_9169"
"3542";"India_4157"
"3543";"China_5460"
"3544";"Australia_3342"
"3545";"Canada_5361"
"3546";"Japan_8778"
"3547";"Australia_1543"
"3548";"Australia_4311"
"3549";"UK_5034"
"3550";"France_2846"
"3551";"Germany_8776"
"3552";"Brazil_6136"
"3553";"Australia_1611"
"3554";"Canada_2386"
"3555";"UK_3833"
"3556";"China_6355"
"3557";"Brazil_5255"
"3558";"Brazil_6654"
"3559";"China_7141"
"3560";"Canada_3788"
"3561";"China_7706"
"3562";"France_4336"
"3563";"Canada_4038"
"3564";"Brazil_1707"
"3565";"UK_5099"
"3566";"Germany_9515"
"3567";"Australia_8908"
"3568";"Australia_2611"
"3569";"Brazil_5445"
"3570";"India_7958"
"3571";"China_3209"
"3572";"India_7352"
"3573";"Canada_2819"
"3574";"Canada_5393"
"3575";"China_5098"
"3576";"UK_3331"
"3577";"France_8407"
"3578";"France_3766"
"3579";"Brazil_4892"
"3580";"France_5050"
"3581";"Japan_6935"
"3582";"Germany_5310"
"3583";"UK_2482"
"3584";"India_8374"
"3585";"UK_1773"
"3586";"China_3317"
"3587";"USA_2081"
"3588";"India_9679"
"3589";"Japan_3185"
"3590";"Australia_9415"
"3591";"Japan_6222"
"3592";"Brazil_6479"
"3593";"Germany_4107"
"3594";"Germany_1730"
"3595";"USA_4903"
"3596";"China_5595"
"3597";"Canada_8184"
"3598";"USA_6137"
"3599";"Canada_6950"
"3600";"Germany_4826"
"3601";"Japan_2150"
"3602";"France_6413"
"3603";"Canada_3505"
"3604";"China_8890"
"3605";"USA_2368"
"3606";"Canada_9978"
"3607";"USA_6272"
"3608";"France_2375"
"3609";"India_6676"
"3610";"USA_6473"
"3611";"China_8913"
"3612";"USA_3088"
"3613";"Japan_5457"
"3614";"France_3894"
"3615";"UK_6885"
"3616";"Germany_5774"
"3617";"USA_2743"
"3618";"Germany_9162"
"3619";"India_5388"
"3620";"Australia_1921"
"3621";"France_6004"
"3622";"India_6793"
"3623";"India_3045"
"3624";"India_5724"
"3625";"France_9350"
"3626";"USA_9143"
"3627";"USA_8566"
"3628";"Brazil_8476"
"3629";"France_2955"
"3630";"Germany_6857"
"3631";"Brazil_4704"
"3632";"Germany_9664"
"3633";"Germany_6284"
"3634";"Germany_5418"
"3635";"USA_1397"
"3636";"UK_4787"
"3637";"Australia_6376"
"3638";"Brazil_6075"
"3639";"Canada_4050"
"3640";"India_4284"
"3641";"France_8938"
"3642";"Japan_5283"
"3643";"France_1929"
"3644";"UK_7110"
"3645";"Germany_9731"
"3646";"Japan_3896"
"3647";"Japan_4459"
"3648";"UK_4664"
"3649";"Canada_3481"
"3650";"Germany_6164"
"3651";"Germany_4800"
"3652";"Brazil_8730"
"3653";"Brazil_5664"
"3654";"USA_2052"
"3655";"USA_6023"
"3656";"Canada_5966"
"3657";"India_5148"
"3658";"Canada_8131"
"3659";"Canada_9153"
"3660";"China_1727"
"3661";"USA_4437"
"3662";"France_5771"
"3663";"India_6713"
"3664";"India_3614"
"3665";"Australia_8262"
"3666";"India_7459"
"3667";"France_4372"
"3668";"Australia_6947"
"3669";"Canada_2644"
"3670";"Canada_5720"
"3671";"UK_3891"
"3672";"Japan_4450"
"3673";"UK_4527"
"3674";"Canada_9977"
"3675";"Canada_4825"
"3676";"Canada_1888"
"3677";"Japan_1456"
"3678";"Canada_1680"
"3679";"Japan_9812"
"3680";"UK_9307"
"3681";"Japan_7529"
"3682";"France_5294"
"3683";"China_5822"
"3684";"Canada_8973"
"3685";"France_1101"
"3686";"Germany_3170"
"3687";"Brazil_5316"
"3688";"Brazil_9477"
"3689";"India_6231"
"3690";"Japan_6107"
"3691";"Brazil_5950"
"3692";"USA_4092"
"3693";"USA_6209"
"3694";"France_9151"
"3695";"UK_9984"
"3696";"USA_8336"
"3697";"France_5537"
"3698";"China_3181"
"3699";"UK_1611"
"3700";"Germany_1990"
"3701";"USA_5306"
"3702";"UK_1919"
"3703";"China_6700"
"3704";"Brazil_2044"
"3705";"USA_5538"
"3706";"India_5836"
"3707";"Japan_7043"
"3708";"Australia_9303"
"3709";"Germany_5369"
"3710";"India_9281"
"3711";"Australia_2031"
"3712";"Germany_9063"
"3713";"USA_9928"
"3714";"France_8066"
"3715";"Canada_9906"
"3716";"USA_7621"
"3717";"Canada_1645"
"3718";"France_7672"
"3719";"UK_4978"
"3720";"Germany_7525"
"3721";"Australia_8183"
"3722";"Brazil_6758"
"3723";"China_9751"
"3724";"France_7458"
"3725";"India_8944"
"3726";"Australia_3812"
"3727";"Australia_9936"
"3728";"Brazil_1489"
"3729";"Brazil_1869"
"3730";"UK_4107"
"3731";"UK_7218"
"3732";"Japan_1193"
"3733";"Canada_2714"
"3734";"USA_4824"
"3735";"France_4239"
"3736";"Canada_1134"
"3737";"Germany_1391"
"3738";"UK_7237"
"3739";"France_7983"
"3740";"USA_5558"
"3741";"India_6763"
"3742";"USA_6482"
"3743";"China_8290"
"3744";"Brazil_9171"
"3745";"UK_9647"
"3746";"UK_1759"
"3747";"Germany_9597"
"3748";"Germany_4510"
"3749";"France_8326"
"3750";"Canada_9603"
"3751";"UK_8535"
"3752";"Australia_3738"
"3753";"Germany_3210"
"3754";"UK_9348"
"3755";"Brazil_4727"
"3756";"France_5688"
"3757";"UK_2536"
"3758";"India_5986"
"3759";"China_9915"
"3760";"China_8514"
"3761";"Brazil_9528"
"3762";"India_5414"
"3763";"Canada_8112"
"3764";"USA_6413"
"3765";"Germany_3833"
"3766";"Australia_6122"
"3767";"UK_9831"
"3768";"India_5695"
"3769";"Australia_1720"
"3770";"Germany_8442"
"3771";"Brazil_9922"
"3772";"Canada_4540"
"3773";"USA_5970"
"3774";"Australia_9577"
"3775";"China_2240"
"3776";"Canada_1371"
"3777";"Australia_5898"
"3778";"China_9727"
"3779";"Japan_5741"
"3780";"France_3546"
"3781";"Japan_6706"
"3782";"India_5509"
"3783";"Canada_8318"
"3784";"Canada_9469"
"3785";"Brazil_6045"
"3786";"USA_2639"
"3787";"Australia_4743"
"3788";"UK_3363"
"3789";"Japan_3219"
"3790";"Germany_3898"
"3791";"Australia_9095"
"3792";"Australia_2726"
"3793";"Brazil_5948"
"3794";"Canada_7480"
"3795";"China_7592"
"3796";"Australia_4927"
"3797";"Canada_7291"
"3798";"Brazil_4194"
"3799";"USA_5069"
"3800";"UK_4562"
"3801";"USA_5063"
"3802";"Brazil_1138"
"3803";"Germany_3054"
"3804";"China_2784"
"3805";"Japan_7418"
"3806";"France_7888"
"3807";"India_2116"
"3808";"Australia_5219"
"3809";"Canada_8118"
"3810";"Canada_8274"
"3811";"Australia_3156"
"3812";"USA_3492"
"3813";"China_1955"
"3814";"USA_5724"
"3815";"USA_1166"
"3816";"China_6648"
"3817";"UK_7821"
"3818";"India_7775"
"3819";"China_5345"
"3820";"USA_4590"
"3821";"Germany_3101"
"3822";"China_8611"
"3823";"USA_9704"
"3824";"France_7878"
"3825";"Canada_8358"
"3826";"Germany_6906"
"3827";"India_1990"
"3828";"France_2665"
"3829";"Germany_5721"
"3830";"Australia_3725"
"3831";"Australia_1282"
"3832";"UK_8849"
"3833";"Australia_3590"
"3834";"Canada_6575"
"3835";"Canada_2623"
"3836";"Canada_8670"
"3837";"Germany_6116"
"3838";"France_2179"
"3839";"UK_4367"
"3840";"India_9362"
"3841";"Japan_3578"
"3842";"France_1721"
"3843";"Japan_9510"
"3844";"Brazil_3213"
"3845";"China_2450"
"3846";"Germany_8639"
"3847";"Brazil_7089"
"3848";"Brazil_2949"
"3849";"France_1239"
"3850";"France_5995"
"3851";"USA_3766"
"3852";"UK_8608"
"3853";"Australia_3663"
"3854";"Australia_1119"
"3855";"UK_6295"
"3856";"USA_1547"
"3857";"Brazil_8739"
"3858";"Brazil_8124"
"3859";"Australia_3700"
"3860";"Germany_6192"
"3861";"Australia_3351"
"3862";"USA_7943"
"3863";"France_3760"
"3864";"UK_8964"
"3865";"France_1477"
"3866";"Japan_1392"
"3867";"Canada_4168"
"3868";"Brazil_3659"
"3869";"Brazil_5015"
"3870";"Japan_8356"
"3871";"USA_5629"
"3872";"UK_4761"
"3873";"USA_3791"
"3874";"Canada_2193"
"3875";"India_7548"
"3876";"France_6684"
"3877";"Germany_5074"
"3878";"Brazil_9254"
"3879";"India_4159"
"3880";"Japan_4749"
"3881";"India_7794"
"3882";"China_6347"
"3883";"Japan_5460"
"3884";"France_1618"
"3885";"Brazil_8607"
"3886";"China_4983"
"3887";"Brazil_8211"
"3888";"France_3162"
"3889";"Japan_4180"
"3890";"UK_5976"
"3891";"UK_3923"
"3892";"Japan_2752"
"3893";"India_7996"
"3894";"Japan_1152"
"3895";"India_3932"
"3896";"Germany_1348"
"3897";"UK_8223"
"3898";"India_9118"
"3899";"Australia_9244"
"3900";"Japan_3580"
"3901";"Japan_2831"
"3902";"USA_3574"
"3903";"Brazil_6431"
"3904";"Australia_9028"
"3905";"Germany_5648"
"3906";"Canada_8077"
"3907";"USA_3627"
"3908";"India_5233"
"3909";"USA_3792"
"3910";"USA_6949"
"3911";"UK_7903"
"3912";"UK_6628"
"3913";"USA_9806"
"3914";"Australia_9671"
"3915";"Japan_5497"
"3916";"Germany_8415"
"3917";"China_2422"
"3918";"Japan_6281"
"3919";"India_7538"
"3920";"Australia_5709"
"3921";"France_4630"
"3922";"Canada_9587"
"3923";"India_5490"
"3924";"Canada_9023"
"3925";"Japan_5040"
"3926";"Australia_5560"
"3927";"Germany_6280"
"3928";"Japan_6291"
"3929";"UK_9002"
"3930";"Japan_6431"
"3931";"India_5165"
"3932";"USA_4268"
"3933";"Australia_7608"
"3934";"France_7140"
"3935";"Japan_4199"
"3936";"China_6529"
"3937";"Brazil_5269"
"3938";"China_5349"
"3939";"India_9220"
"3940";"Australia_1034"
"3941";"UK_8669"
"3942";"Australia_2403"
"3943";"China_3644"
"3944";"Canada_2605"
"3945";"Canada_7711"
"3946";"UK_6075"
"3947";"UK_1028"
"3948";"USA_9860"
"3949";"Australia_7101"
"3950";"Germany_1178"
"3951";"Brazil_3478"
"3952";"China_1484"
"3953";"UK_5902"
"3954";"Brazil_8786"
"3955";"Japan_5823"
"3956";"Brazil_4558"
"3957";"France_7210"
"3958";"China_5967"
"3959";"France_3488"
"3960";"Japan_3568"
"3961";"France_9404"
"3962";"UK_2579"
"3963";"Brazil_9369"
"3964";"UK_1798"
"3965";"France_3841"
"3966";"India_2798"
"3967";"UK_9605"
"3968";"India_4320"
"3969";"China_4645"
"3970";"UK_4381"
"3971";"USA_5445"
"3972";"India_1022"
"3973";"China_6417"
"3974";"Brazil_4726"
"3975";"France_5054"
"3976";"Japan_8494"
"3977";"Canada_7899"
"3978";"India_1636"
"3979";"USA_4992"
"3980";"Brazil_8139"
"3981";"Germany_1705"
"3982";"UK_4161"
"3983";"India_9723"
"3984";"Brazil_3292"
"3985";"China_2038"
"3986";"Canada_9095"
"3987";"China_1465"
"3988";"India_8995"
"3989";"Germany_4714"
"3990";"Brazil_8610"
"3991";"China_4176"
"3992";"Germany_1852"
"3993";"USA_6611"
"3994";"France_9938"
"3995";"Canada_3326"
"3996";"France_9766"
"3997";"Canada_2624"
"3998";"Canada_6974"
"3999";"France_9892"
"4000";"USA_8188"
"4001";"France_3550"
"4002";"Brazil_2763"
"4003";"France_2543"
"4004";"Canada_5465"
"4005";"Brazil_8940"
"4006";"China_3689"
"4007";"USA_7628"
"4008";"Australia_3732"
"4009";"Japan_2262"
"4010";"Brazil_9404"
"4011";"India_5318"
"4012";"Canada_7408"
"4013";"Brazil_2895"
"4014";"Germany_6346"
"4015";"Japan_4521"
"4016";"India_1781"
"4017";"Canada_2162"
"4018";"Brazil_7056"
"4019";"UK_6613"
"4020";"Australia_8145"
"4021";"UK_5242"
"4022";"Germany_8301"
"4023";"China_2553"
"4024";"Japan_9792"
"4025";"China_1071"
"4026";"Japan_4230"
"4027";"China_7741"
"4028";"Germany_1003"
"4029";"Japan_3389"
"4030";"Australia_1377"
"4031";"USA_4656"
"4032";"China_4079"
"4033";"France_8611"
"4034";"France_9894"
"4035";"Germany_2496"
"4036";"France_3379"
"4037";"Japan_5739"
"4038";"Japan_6640"
"4039";"Canada_2506"
"4040";"Canada_5855"
"4041";"India_7694"
"4042";"France_3501"
"4043";"Brazil_6270"
"4044";"Canada_6636"
"4045";"Australia_6649"
"4046";"Canada_3611"
"4047";"China_8780"
"4048";"India_8319"
"4049";"Brazil_7040"
"4050";"Brazil_4906"
"4051";"France_2851"
"4052";"France_1020"
"4053";"Germany_2729"
"4054";"Japan_6673"
"4055";"Canada_3227"
"4056";"France_1261"
"4057";"Germany_3916"
"4058";"USA_9059"
"4059";"UK_1884"
"4060";"Japan_8263"
"4061";"USA_5045"
"4062";"China_3490"
"4063";"Canada_2911"
"4064";"Germany_5910"
"4065";"Germany_5092"
"4066";"India_7562"
"4067";"France_7856"
"4068";"India_9218"
"4069";"Germany_5441"
"4070";"USA_2414"
"4071";"Germany_5901"
"4072";"France_9407"
"4073";"USA_8622"
"4074";"Brazil_7166"
"4075";"Brazil_4555"
"4076";"Australia_4059"
"4077";"China_9124"
"4078";"USA_1833"
"4079";"UK_6720"
"4080";"Canada_3185"
"4081";"France_9036"
"4082";"Brazil_8019"
"4083";"Canada_8043"
"4084";"Canada_8644"
"4085";"France_1856"
"4086";"Brazil_2473"
"4087";"USA_3290"
"4088";"Brazil_4259"
"4089";"Australia_6310"
"4090";"UK_9571"
"4091";"UK_8069"
"4092";"USA_4181"
"4093";"Australia_6827"
"4094";"Canada_2087"
"4095";"UK_5209"
"4096";"Germany_8200"
"4097";"Japan_9915"
"4098";"UK_6587"
"4099";"Australia_8928"
"4100";"Australia_2345"
"4101";"Japan_9205"
"4102";"France_9791"
"4103";"Canada_4183"
"4104";"UK_9366"
"4105";"Japan_5314"
"4106";"Germany_7671"
"4107";"Australia_7925"
"4108";"Japan_9538"
"4109";"China_1903"
"4110";"USA_4313"
"4111";"Germany_1836"
"4112";"USA_5059"
"4113";"Brazil_7600"
"4114";"Canada_8882"
"4115";"China_1359"
"4116";"UK_8894"
"4117";"Australia_3757"
"4118";"Australia_9333"
"4119";"France_8517"
"4120";"Japan_5827"
"4121";"Brazil_7063"
"4122";"China_9758"
"4123";"Germany_4835"
"4124";"China_4057"
"4125";"France_6578"
"4126";"France_7464"
"4127";"India_1617"
"4128";"Canada_8561"
"4129";"France_4108"
"4130";"India_1004"
"4131";"UK_9111"
"4132";"France_2084"
"4133";"UK_2603"
"4134";"USA_3711"
"4135";"India_2084"
"4136";"France_6196"
"4137";"USA_8968"
"4138";"India_6641"
"4139";"UK_9462"
"4140";"Brazil_3008"
"4141";"Japan_8006"
"4142";"Brazil_8037"
"4143";"Germany_8651"
"4144";"UK_2041"
"4145";"China_5919"
"4146";"Australia_4102"
"4147";"France_6675"
"4148";"France_8906"
"4149";"China_1154"
"4150";"Brazil_4763"
"4151";"Germany_8122"
"4152";"China_3457"
"4153";"USA_1584"
"4154";"China_7997"
"4155";"France_2694"
"4156";"Germany_6209"
"4157";"Japan_3734"
"4158";"Japan_6062"
"4159";"China_9583"
"4160";"France_1526"
"4161";"France_5750"
"4162";"India_5511"
"4163";"Germany_7969"
"4164";"France_2825"
"4165";"Germany_8950"
"4166";"UK_9637"
"4167";"India_3547"
"4168";"Australia_7674"
"4169";"China_5883"
"4170";"Germany_6720"
"4171";"Brazil_2744"
"4172";"France_9656"
"4173";"Canada_5781"
"4174";"Brazil_4934"
"4175";"China_5729"
"4176";"Australia_1451"
"4177";"Canada_3012"
"4178";"Canada_8175"
"4179";"USA_2224"
"4180";"Australia_4678"
"4181";"UK_5868"
"4182";"Brazil_6394"
"4183";"Germany_5673"
"4184";"Canada_5257"
"4185";"China_3824"
"4186";"Australia_7340"
"4187";"France_6051"
"4188";"Canada_3916"
"4189";"India_1950"
"4190";"Germany_1809"
"4191";"India_7818"
"4192";"China_6268"
"4193";"Japan_3727"
"4194";"Japan_5412"
"4195";"Germany_6283"
"4196";"China_7682"
"4197";"Japan_8417"
"4198";"Canada_9787"
"4199";"India_2195"
"4200";"Japan_7640"
"4201";"Brazil_8404"
"4202";"Japan_9928"
"4203";"Brazil_5005"
"4204";"France_5745"
"4205";"UK_1118"
"4206";"Australia_5543"
"4207";"France_5251"
"4208";"France_4883"
"4209";"Germany_9518"
"4210";"Australia_1905"
"4211";"Australia_4537"
"4212";"UK_6071"
"4213";"UK_2509"
"4214";"UK_2040"
"4215";"Brazil_7178"
"4216";"India_1036"
"4217";"UK_9078"
"4218";"France_1174"
"4219";"Germany_3601"
"4220";"India_3855"
"4221";"Germany_4845"
"4222";"China_3371"
"4223";"USA_2444"
"4224";"Canada_7110"
"4225";"Japan_5094"
"4226";"USA_5794"
"4227";"USA_1245"
"4228";"China_7514"
"4229";"Australia_5561"
"4230";"France_2032"
"4231";"UK_6572"
"4232";"USA_7591"
"4233";"Australia_4087"
"4234";"China_9335"
"4235";"Canada_5592"
"4236";"China_4234"
"4237";"Germany_3125"
"4238";"China_3267"
"4239";"Brazil_6951"
"4240";"Japan_3663"
"4241";"France_7054"
"4242";"Brazil_2056"
"4243";"USA_2589"
"4244";"France_3694"
"4245";"China_1891"
"4246";"India_2688"
"4247";"Japan_7065"
"4248";"Germany_2049"
"4249";"Canada_2339"
"4250";"Brazil_8002"
"4251";"Australia_4990"
"4252";"USA_4795"
"4253";"Japan_1197"
"4254";"USA_6587"
"4255";"Japan_6389"
"4256";"UK_8103"
"4257";"USA_6468"
"4258";"Germany_4962"
"4259";"Brazil_9078"
"4260";"UK_1819"
"4261";"France_6864"
"4262";"France_6051"
"4263";"Canada_8197"
"4264";"USA_2281"
"4265";"Australia_5578"
"4266";"Australia_4448"
"4267";"China_7312"
"4268";"USA_8897"
"4269";"China_4248"
"4270";"Germany_9639"
"4271";"France_9919"
"4272";"Canada_2721"
"4273";"Canada_7421"
"4274";"China_8520"
"4275";"China_5091"
"4276";"Brazil_2063"
"4277";"UK_2381"
"4278";"India_8676"
"4279";"India_8423"
"4280";"Brazil_9947"
"4281";"Canada_5188"
"4282";"Germany_9049"
"4283";"India_8247"
"4284";"China_3258"
"4285";"India_5677"
"4286";"Germany_6557"
"4287";"China_1496"
"4288";"UK_5412"
"4289";"Japan_8374"
"4290";"USA_2395"
"4291";"Germany_6154"
"4292";"Japan_5374"
"4293";"France_1714"
"4294";"Brazil_2218"
"4295";"India_8710"
"4296";"USA_1538"
"4297";"UK_4841"
"4298";"Australia_6138"
"4299";"China_1052"
"4300";"China_9745"
"4301";"Germany_4694"
"4302";"Japan_1493"
"4303";"Australia_4117"
"4304";"Brazil_1799"
"4305";"UK_6126"
"4306";"UK_1214"
"4307";"Canada_3934"
"4308";"China_9820"
"4309";"France_7184"
"4310";"Brazil_3116"
"4311";"France_3551"
"4312";"Japan_3426"
"4313";"Germany_6146"
"4314";"Germany_4944"
"4315";"Brazil_2622"
"4316";"Canada_5321"
"4317";"China_5518"
"4318";"USA_2956"
"4319";"Japan_6505"
"4320";"USA_6998"
"4321";"India_2428"
"4322";"Japan_1154"
"4323";"UK_9071"
"4324";"France_8969"
"4325";"Brazil_7785"
"4326";"USA_4190"
"4327";"Germany_9559"
"4328";"France_8906"
"4329";"China_2199"
"4330";"Germany_6623"
"4331";"UK_7048"
"4332";"Japan_2320"
"4333";"Brazil_7655"
"4334";"USA_7569"
"4335";"India_2926"
"4336";"Brazil_5474"
"4337";"India_5677"
"4338";"France_4611"
"4339";"Canada_9508"
"4340";"India_4152"
"4341";"Japan_2330"
"4342";"Brazil_6897"
"4343";"Brazil_2087"
"4344";"USA_4576"
"4345";"France_5162"
"4346";"China_2900"
"4347";"Brazil_8653"
"4348";"France_3316"
"4349";"Japan_3126"
"4350";"Australia_2557"
"4351";"China_2452"
"4352";"France_5577"
"4353";"China_2901"
"4354";"Brazil_4927"
"4355";"China_4504"
"4356";"China_5247"
"4357";"USA_5150"
"4358";"China_5635"
"4359";"Canada_6716"
"4360";"Germany_4892"
"4361";"China_5509"
"4362";"Canada_6651"
"4363";"Germany_4796"
"4364";"China_4265"
"4365";"Japan_1870"
"4366";"France_6162"
"4367";"USA_1245"
"4368";"Japan_4211"
"4369";"China_5796"
"4370";"France_9242"
"4371";"India_6433"
"4372";"Brazil_3057"
"4373";"China_9197"
"4374";"Australia_3227"
"4375";"India_5543"
"4376";"Australia_4279"
"4377";"Japan_4412"
"4378";"Brazil_9326"
"4379";"USA_2491"
"4380";"Canada_8399"
"4381";"Australia_2172"
"4382";"Japan_1671"
"4383";"Canada_3208"
"4384";"Australia_9911"
"4385";"UK_6447"
"4386";"Canada_6305"
"4387";"USA_7768"
"4388";"Germany_9848"
"4389";"France_9203"
"4390";"Brazil_5236"
"4391";"Brazil_7654"
"4392";"Canada_8303"
"4393";"Germany_7877"
"4394";"France_2947"
"4395";"France_3103"
"4396";"Germany_5431"
"4397";"USA_3270"
"4398";"Brazil_4252"
"4399";"Australia_6356"
"4400";"UK_1499"
"4401";"Australia_7284"
"4402";"Australia_7907"
"4403";"China_3681"
"4404";"Australia_7780"
"4405";"China_6697"
"4406";"Brazil_3228"
"4407";"China_1063"
"4408";"China_9152"
"4409";"USA_2328"
"4410";"Canada_6858"
"4411";"France_1366"
"4412";"Germany_9224"
"4413";"Australia_9979"
"4414";"UK_7586"
"4415";"Brazil_9332"
"4416";"USA_1036"
"4417";"France_7698"
"4418";"India_1941"
"4419";"Australia_3601"
"4420";"Germany_5950"
"4421";"Australia_8657"
"4422";"Australia_2930"
"4423";"India_4756"
"4424";"India_1005"
"4425";"Brazil_3296"
"4426";"China_8582"
"4427";"India_7402"
"4428";"Germany_9400"
"4429";"Germany_3995"
"4430";"Australia_9298"
"4431";"Germany_5712"
"4432";"Canada_6850"
"4433";"France_6755"
"4434";"Japan_3693"
"4435";"France_9386"
"4436";"UK_1100"
"4437";"USA_8432"
"4438";"Japan_6308"
"4439";"USA_7967"
"4440";"France_4601"
"4441";"Australia_6732"
"4442";"India_5491"
"4443";"Canada_7751"
"4444";"India_7854"
"4445";"Brazil_7465"
"4446";"USA_8164"
"4447";"Germany_6940"
"4448";"India_4393"
"4449";"Japan_3001"
"4450";"India_8485"
"4451";"Brazil_8210"
"4452";"Germany_7639"
"4453";"Germany_8252"
"4454";"Brazil_7035"
"4455";"UK_5404"
"4456";"China_3374"
"4457";"India_6464"
"4458";"China_2452"
"4459";"Germany_6416"
"4460";"China_9838"
"4461";"Japan_3178"
"4462";"Canada_7845"
"4463";"UK_3464"
"4464";"Japan_4220"
"4465";"Brazil_3997"
"4466";"India_1971"
"4467";"Germany_1478"
"4468";"Brazil_1349"
"4469";"Japan_3332"
"4470";"Canada_6166"
"4471";"India_6182"
"4472";"China_7962"
"4473";"China_5647"
"4474";"Canada_8636"
"4475";"Germany_5271"
"4476";"USA_4423"
"4477";"Germany_9608"
"4478";"France_7753"
"4479";"USA_6832"
"4480";"China_6036"
"4481";"Japan_8194"
"4482";"UK_2374"
"4483";"India_7366"
"4484";"Germany_1596"
"4485";"India_9037"
"4486";"Germany_4347"
"4487";"Japan_1259"
"4488";"Canada_2804"
"4489";"Canada_5950"
"4490";"India_6827"
"4491";"India_4157"
"4492";"France_8547"
"4493";"Germany_7980"
"4494";"France_2701"
"4495";"Germany_6507"
"4496";"China_9326"
"4497";"Australia_1638"
"4498";"Canada_1186"
"4499";"Australia_7803"
"4500";"Japan_2583"
"4501";"Brazil_5863"
"4502";"Canada_7149"
"4503";"Japan_2070"
"4504";"Japan_1994"
"4505";"Germany_1269"
"4506";"China_6158"
"4507";"Japan_6584"
"4508";"India_6687"
"4509";"Brazil_4806"
"4510";"France_4126"
"4511";"USA_8141"
"4512";"Germany_9557"
"4513";"Australia_9313"
"4514";"France_9938"
"4515";"Australia_6008"
"4516";"Brazil_6724"
"4517";"France_1690"
"4518";"France_7599"
"4519";"Brazil_3172"
"4520";"France_9884"
"4521";"Australia_6251"
"4522";"UK_2823"
"4523";"India_6379"
"4524";"Brazil_5792"
"4525";"India_7643"
"4526";"Germany_3088"
"4527";"Japan_7886"
"4528";"China_5058"
"4529";"India_7134"
"4530";"Australia_9031"
"4531";"Canada_8389"
"4532";"Canada_6107"
"4533";"Canada_4542"
"4534";"Australia_4336"
"4535";"UK_5512"
"4536";"China_2715"
"4537";"China_1971"
"4538";"Australia_4014"
"4539";"Japan_4533"
"4540";"UK_5010"
"4541";"Germany_9400"
"4542";"Australia_7514"
"4543";"China_4173"
"4544";"Japan_2659"
"4545";"UK_3965"
"4546";"China_6403"
"4547";"Brazil_4984"
"4548";"Japan_1065"
"4549";"India_2386"
"4550";"Japan_8760"
"4551";"Australia_9967"
"4552";"India_2541"
"4553";"China_3580"
"4554";"USA_9148"
"4555";"India_6604"
"4556";"UK_7145"
"4557";"Japan_4322"
"4558";"China_8825"
"4559";"UK_2781"
"4560";"USA_9417"
"4561";"Australia_9898"
"4562";"Brazil_4311"
"4563";"Canada_1825"
"4564";"China_4881"
"4565";"UK_4328"
"4566";"India_2300"
"4567";"France_4756"
"4568";"Australia_6669"
"4569";"India_2911"
"4570";"India_4292"
"4571";"Brazil_1358"
"4572";"China_5173"
"4573";"USA_5063"
"4574";"China_4652"
"4575";"China_6821"
"4576";"UK_6741"
"4577";"Germany_3701"
"4578";"USA_9656"
"4579";"Canada_6148"
"4580";"UK_2908"
"4581";"USA_8927"
"4582";"India_8449"
"4583";"Brazil_8192"
"4584";"Germany_7605"
"4585";"Australia_7768"
"4586";"France_7163"
"4587";"Japan_3181"
"4588";"Canada_4979"
"4589";"France_2976"
"4590";"France_2732"
"4591";"Canada_7126"
"4592";"Japan_2805"
"4593";"India_7172"
"4594";"Canada_3032"
"4595";"Australia_2053"
"4596";"France_2737"
"4597";"Germany_6525"
"4598";"China_9339"
"4599";"Australia_1717"
"4600";"Canada_2588"
"4601";"India_6727"
"4602";"India_5522"
"4603";"Canada_8382"
"4604";"Australia_1564"
"4605";"Australia_8273"
"4606";"Brazil_8121"
"4607";"Germany_7844"
"4608";"France_3946"
"4609";"India_4380"
"4610";"Japan_2722"
"4611";"UK_3297"
"4612";"Australia_2150"
"4613";"France_2178"
"4614";"USA_4047"
"4615";"Canada_3289"
"4616";"France_8075"
"4617";"Germany_6835"
"4618";"India_3187"
"4619";"USA_8052"
"4620";"Japan_7312"
"4621";"Japan_3454"
"4622";"Australia_8829"
"4623";"Australia_1664"
"4624";"Australia_6158"
"4625";"China_3037"
"4626";"China_2286"
"4627";"Germany_7099"
"4628";"USA_6309"
"4629";"France_1986"
"4630";"Brazil_7964"
"4631";"Germany_7444"
"4632";"Australia_6761"
"4633";"USA_7463"
"4634";"Canada_8961"
"4635";"China_4091"
"4636";"Australia_6090"
"4637";"Brazil_6891"
"4638";"Japan_4128"
"4639";"China_7407"
"4640";"Australia_4595"
"4641";"India_2642"
"4642";"Japan_8853"
"4643";"Australia_9431"
"4644";"China_9512"
"4645";"Germany_5849"
"4646";"Canada_7530"
"4647";"Brazil_9433"
"4648";"Canada_3469"
"4649";"China_8014"
"4650";"China_4056"
"4651";"Germany_4942"
"4652";"China_3406"
"4653";"USA_2231"
"4654";"USA_2747"
"4655";"Japan_5111"
"4656";"Germany_9395"
"4657";"Canada_6503"
"4658";"Canada_3009"
"4659";"Germany_7642"
"4660";"Canada_1134"
"4661";"Australia_6761"
"4662";"USA_1253"
"4663";"France_7974"
"4664";"USA_5229"
"4665";"Brazil_9598"
"4666";"USA_9311"
"4667";"USA_9522"
"4668";"Australia_7134"
"4669";"Germany_4853"
"4670";"Japan_1007"
"4671";"India_2450"
"4672";"China_1500"
"4673";"USA_6457"
"4674";"France_1188"
"4675";"Germany_9460"
"4676";"Germany_7049"
"4677";"Brazil_3793"
"4678";"UK_8636"
"4679";"Australia_3944"
"4680";"France_6222"
"4681";"Australia_1717"
"4682";"Australia_3634"
"4683";"France_8593"
"4684";"France_4570"
"4685";"Canada_9495"
"4686";"India_4279"
"4687";"China_4856"
"4688";"India_8750"
"4689";"Canada_5551"
"4690";"Brazil_8731"
"4691";"Japan_7936"
"4692";"Brazil_9208"
"4693";"India_4538"
"4694";"Brazil_3345"
"4695";"Japan_4718"
"4696";"USA_5544"
"4697";"India_8883"
"4698";"USA_1892"
"4699";"India_9993"
"4700";"Brazil_1852"
"4701";"India_8245"
"4702";"UK_4991"
"4703";"Australia_2628"
"4704";"UK_5027"
"4705";"Canada_8870"
"4706";"Japan_6288"
"4707";"India_3642"
"4708";"Germany_3613"
"4709";"USA_8868"
"4710";"UK_9980"
"4711";"Canada_1819"
"4712";"Brazil_7750"
"4713";"Australia_4886"
"4714";"USA_5081"
"4715";"Brazil_7575"
"4716";"USA_8193"
"4717";"Germany_6501"
"4718";"Brazil_4782"
"4719";"France_5352"
"4720";"China_4663"
"4721";"China_4439"
"4722";"China_6368"
"4723";"China_9045"
"4724";"Canada_6551"
"4725";"Australia_7061"
"4726";"Germany_3206"
"4727";"Brazil_6374"
"4728";"Australia_2248"
"4729";"France_3354"
"4730";"China_7502"
"4731";"France_4359"
"4732";"Australia_6302"
"4733";"UK_8515"
"4734";"Germany_6069"
"4735";"France_2687"
"4736";"Canada_5438"
"4737";"Brazil_7134"
"4738";"UK_5611"
"4739";"Brazil_6408"
"4740";"France_8262"
"4741";"Germany_9316"
"4742";"Canada_3643"
"4743";"Brazil_3384"
"4744";"Brazil_4513"
"4745";"Germany_1290"
"4746";"Brazil_1906"
"4747";"UK_6598"
"4748";"USA_9224"
"4749";"USA_7870"
"4750";"France_3521"
"4751";"Brazil_5065"
"4752";"Japan_1554"
"4753";"Canada_1952"
"4754";"China_5095"
"4755";"India_7238"
"4756";"Germany_1669"
"4757";"India_2576"
"4758";"Japan_6922"
"4759";"Australia_9344"
"4760";"Germany_7236"
"4761";"UK_8403"
"4762";"USA_4525"
"4763";"Germany_1352"
"4764";"Brazil_2978"
"4765";"Germany_8406"
"4766";"Japan_6915"
"4767";"Germany_1740"
"4768";"USA_6831"
"4769";"China_6139"
"4770";"China_1172"
"4771";"Brazil_3015"
"4772";"France_1742"
"4773";"China_5969"
"4774";"Germany_7743"
"4775";"Australia_3389"
"4776";"Germany_3712"
"4777";"Canada_4027"
"4778";"UK_7109"
"4779";"France_8836"
"4780";"Japan_4911"
"4781";"Australia_4794"
"4782";"India_1887"
"4783";"Canada_1710"
"4784";"France_6519"
"4785";"Australia_9468"
"4786";"Japan_4230"
"4787";"Brazil_4167"
"4788";"USA_5104"
"4789";"UK_5474"
"4790";"France_4085"
"4791";"India_1342"
"4792";"USA_6738"
"4793";"China_7954"
"4794";"Japan_9489"
"4795";"China_9709"
"4796";"France_9083"
"4797";"Brazil_4198"
"4798";"Australia_7027"
"4799";"Australia_5725"
"4800";"China_9531"
"4801";"Japan_3581"
"4802";"France_9260"
"4803";"UK_8709"
"4804";"France_1139"
"4805";"France_6264"
"4806";"Australia_9761"
"4807";"Brazil_3098"
"4808";"Japan_7012"
"4809";"Australia_6344"
"4810";"India_3438"
"4811";"Australia_8235"
"4812";"India_8517"
"4813";"India_6717"
"4814";"India_5981"
"4815";"Germany_8187"
"4816";"France_2726"
"4817";"Germany_5121"
"4818";"India_9759"
"4819";"Japan_4342"
"4820";"Brazil_3669"
"4821";"Brazil_3634"
"4822";"UK_9033"
"4823";"Japan_3917"
"4824";"Brazil_2129"
"4825";"USA_5206"
"4826";"Brazil_7765"
"4827";"Canada_1676"
"4828";"France_6968"
"4829";"France_9313"
"4830";"Brazil_6230"
"4831";"Canada_7558"
"4832";"China_6543"
"4833";"China_2288"
"4834";"Australia_2601"
"4835";"UK_1830"
"4836";"Japan_2364"
"4837";"China_1444"
"4838";"USA_6174"
"4839";"Germany_5310"
"4840";"India_9326"
"4841";"Germany_3416"
"4842";"USA_7969"
"4843";"France_3679"
"4844";"UK_7190"
"4845";"Japan_4494"
"4846";"Brazil_2681"
"4847";"Australia_1508"
"4848";"Australia_4519"
"4849";"India_9289"
"4850";"France_9829"
"4851";"Canada_4146"
"4852";"UK_8327"
"4853";"USA_3900"
"4854";"USA_8153"
"4855";"France_2822"
"4856";"Germany_7234"
"4857";"India_4058"
"4858";"Germany_3004"
"4859";"China_2557"
"4860";"France_3553"
"4861";"China_8499"
"4862";"UK_3514"
"4863";"France_8285"
"4864";"Germany_8786"
"4865";"UK_2380"
"4866";"UK_2142"
"4867";"Brazil_1277"
"4868";"France_4992"
"4869";"Japan_2365"
"4870";"Japan_9001"
"4871";"Germany_5751"
"4872";"Australia_1262"
"4873";"USA_8214"
"4874";"Germany_9721"
"4875";"Germany_2773"
"4876";"China_1202"
"4877";"UK_6891"
"4878";"Germany_3119"
"4879";"Brazil_6249"
"4880";"Australia_9657"
"4881";"China_1252"
"4882";"China_8877"
"4883";"India_4392"
"4884";"Brazil_3564"
"4885";"China_1187"
"4886";"China_8493"
"4887";"Brazil_6688"
"4888";"Japan_5637"
"4889";"France_1907"
"4890";"UK_3507"
"4891";"Japan_4477"
"4892";"UK_8513"
"4893";"USA_4447"
"4894";"Australia_7887"
"4895";"Japan_1829"
"4896";"Germany_8776"
"4897";"India_6282"
"4898";"Brazil_4377"
"4899";"Australia_8629"
"4900";"India_7556"
"4901";"Germany_2917"
"4902";"Japan_5423"
"4903";"France_4788"
"4904";"Australia_6170"
"4905";"China_2142"
"4906";"Australia_3178"
"4907";"Canada_5102"
"4908";"France_5336"
"4909";"Japan_1478"
"4910";"USA_7052"
"4911";"Brazil_3698"
"4912";"UK_6794"
"4913";"Germany_5807"
"4914";"USA_4196"
"4915";"Canada_9464"
"4916";"India_7062"
"4917";"India_4001"
"4918";"Germany_3465"
"4919";"India_2823"
"4920";"UK_4458"
"4921";"UK_5303"
"4922";"Japan_6633"
"4923";"Canada_6308"
"4924";"India_6168"
"4925";"Japan_6415"
"4926";"India_3372"
"4927";"Canada_6334"
"4928";"USA_8999"
"4929";"India_5979"
"4930";"Japan_5618"
"4931";"Japan_7932"
"4932";"Brazil_1143"
"4933";"Germany_4335"
"4934";"Germany_9087"
"4935";"Canada_7642"
"4936";"Brazil_9418"
"4937";"USA_2172"
"4938";"India_1511"
"4939";"India_9167"
"4940";"Germany_7578"
"4941";"USA_7479"
"4942";"India_1909"
"4943";"Australia_4956"
"4944";"USA_4988"
"4945";"China_5179"
"4946";"India_8510"
"4947";"India_7081"
"4948";"Canada_3962"
"4949";"Brazil_2548"
"4950";"Australia_3757"
"4951";"Germany_3453"
"4952";"India_4793"
"4953";"UK_5989"
"4954";"Brazil_7659"
"4955";"India_1633"
"4956";"USA_7091"
"4957";"Brazil_3041"
"4958";"France_2967"
"4959";"Australia_2004"
"4960";"Germany_2387"
"4961";"Canada_9312"
"4962";"China_2454"
"4963";"Germany_7818"
"4964";"Germany_9457"
"4965";"Australia_1331"
"4966";"India_3184"
"4967";"India_3525"
"4968";"Australia_2327"
"4969";"France_3494"
"4970";"China_9441"
"4971";"Germany_3944"
"4972";"Australia_7975"
"4973";"Brazil_8028"
"4974";"Germany_8758"
"4975";"UK_4162"
"4976";"China_9249"
"4977";"Canada_3289"
"4978";"Japan_6246"
"4979";"UK_8089"
"4980";"Canada_7474"
"4981";"UK_6208"
"4982";"India_5700"
"4983";"Germany_7432"
"4984";"Canada_8917"
"4985";"China_3533"
"4986";"India_4886"
"4987";"UK_7041"
"4988";"Australia_8802"
"4989";"Canada_4872"
"4990";"France_4355"
"4991";"Canada_2910"
"4992";"Canada_7104"
"4993";"Japan_9778"
"4994";"India_4861"
"4995";"UK_4362"
"4996";"India_3140"
"4997";"UK_2407"
"4998";"Brazil_8469"
"4999";"France_4255"
"5000";"India_4636"
"5001";"China_4784"
"5002";"UK_4187"
"5003";"India_9507"
"5004";"China_7946"
"5005";"Japan_2411"
"5006";"China_1311"
"5007";"India_3216"
"5008";"India_4304"
"5009";"China_7838"
"5010";"Germany_2190"
"5011";"Canada_7080"
"5012";"China_6812"
"5013";"India_2706"
"5014";"Brazil_8121"
"5015";"Australia_3950"
"5016";"Japan_1971"
"5017";"Japan_1905"
"5018";"Germany_9452"
"5019";"Australia_9443"
"5020";"Japan_4353"
"5021";"UK_6719"
"5022";"Australia_7500"
"5023";"Japan_1025"
"5024";"USA_5984"
"5025";"Germany_5474"
"5026";"USA_5156"
"5027";"China_3702"
"5028";"Canada_5940"
"5029";"Brazil_7545"
"5030";"India_8902"
"5031";"Australia_2234"
"5032";"Japan_7336"
"5033";"Japan_2286"
"5034";"China_4416"
"5035";"Japan_9333"
"5036";"China_2588"
"5037";"France_1177"
"5038";"France_8085"
"5039";"Canada_8023"
"5040";"Canada_7685"
"5041";"India_1816"
"5042";"Canada_1340"
"5043";"Germany_9113"
"5044";"Canada_8100"
"5045";"India_8894"
"5046";"Canada_6093"
"5047";"USA_8713"
"5048";"UK_2724"
"5049";"USA_9336"
"5050";"Australia_8868"
"5051";"Australia_3485"
"5052";"Canada_4399"
"5053";"USA_7216"
"5054";"UK_7515"
"5055";"China_5857"
"5056";"Germany_7655"
"5057";"Canada_2726"
"5058";"USA_9904"
"5059";"Japan_1651"
"5060";"France_5240"
"5061";"China_3703"
"5062";"Canada_5205"
"5063";"France_2573"
"5064";"Australia_2038"
"5065";"France_6581"
"5066";"Australia_7689"
"5067";"China_5869"
"5068";"Germany_6320"
"5069";"Japan_4263"
"5070";"UK_6127"
"5071";"India_6049"
"5072";"Japan_5784"
"5073";"China_1464"
"5074";"India_2760"
"5075";"China_3264"
"5076";"UK_1185"
"5077";"Canada_2151"
"5078";"UK_3209"
"5079";"Germany_5609"
"5080";"Canada_5705"
"5081";"UK_3922"
"5082";"Japan_5169"
"5083";"Canada_8917"
"5084";"Japan_5908"
"5085";"Brazil_5000"
"5086";"China_5843"
"5087";"Australia_3021"
"5088";"India_4809"
"5089";"India_1185"
"5090";"UK_6247"
"5091";"USA_9025"
"5092";"India_7261"
"5093";"Canada_2742"
"5094";"USA_4753"
"5095";"Germany_2628"
"5096";"Germany_7163"
"5097";"India_4448"
"5098";"Japan_2057"
"5099";"Japan_8045"
"5100";"India_8342"
"5101";"UK_5101"
"5102";"Australia_3837"
"5103";"France_8994"
"5104";"China_1369"
"5105";"UK_8072"
"5106";"UK_6056"
"5107";"Brazil_6413"
"5108";"Germany_4353"
"5109";"France_6997"
"5110";"Japan_3773"
"5111";"France_8725"
"5112";"Japan_5815"
"5113";"Brazil_4962"
"5114";"China_5952"
"5115";"Germany_5435"
"5116";"USA_4702"
"5117";"France_4425"
"5118";"Australia_5765"
"5119";"Japan_6705"
"5120";"Canada_3512"
"5121";"Japan_6390"
"5122";"UK_8810"
"5123";"France_1888"
"5124";"Brazil_1591"
"5125";"China_4241"
"5126";"Japan_3259"
"5127";"Canada_5754"
"5128";"Brazil_7999"
"5129";"Canada_1203"
"5130";"Canada_4871"
"5131";"Canada_9718"
"5132";"India_5819"
"5133";"Germany_5097"
"5134";"India_8469"
"5135";"India_7039"
"5136";"Canada_3530"
"5137";"Japan_3719"
"5138";"Japan_2902"
"5139";"USA_3674"
"5140";"UK_7683"
"5141";"UK_4910"
"5142";"Australia_6149"
"5143";"China_9649"
"5144";"France_1993"
"5145";"China_5033"
"5146";"UK_5684"
"5147";"Japan_8711"
"5148";"Canada_6364"
"5149";"Canada_6516"
"5150";"Canada_3535"
"5151";"China_8529"
"5152";"UK_4242"
"5153";"Brazil_3833"
"5154";"UK_7650"
"5155";"Brazil_2864"
"5156";"Australia_3566"
"5157";"Canada_5982"
"5158";"UK_9561"
"5159";"UK_1824"
"5160";"Germany_2614"
"5161";"Germany_6256"
"5162";"Japan_5338"
"5163";"Germany_9133"
"5164";"USA_8491"
"5165";"Brazil_7142"
"5166";"UK_5283"
"5167";"Japan_9098"
"5168";"France_8314"
"5169";"France_4088"
"5170";"India_2855"
"5171";"Brazil_8454"
"5172";"Germany_8945"
"5173";"UK_3877"
"5174";"Japan_2155"
"5175";"China_6054"
"5176";"Germany_5644"
"5177";"Canada_7759"
"5178";"UK_6628"
"5179";"USA_2103"
"5180";"India_7307"
"5181";"Germany_2903"
"5182";"Japan_7410"
"5183";"France_6663"
"5184";"Germany_5903"
"5185";"Canada_7208"
"5186";"Japan_2825"
"5187";"India_6805"
"5188";"India_4881"
"5189";"UK_4491"
"5190";"USA_5413"
"5191";"India_8434"
"5192";"UK_3532"
"5193";"France_9207"
"5194";"UK_8143"
"5195";"Canada_8866"
"5196";"Japan_5162"
"5197";"Germany_9288"
"5198";"Canada_4028"
"5199";"India_1949"
"5200";"Germany_9778"
"5201";"France_6249"
"5202";"Germany_3723"
"5203";"Canada_5511"
"5204";"Japan_8205"
"5205";"India_7292"
"5206";"Germany_1707"
"5207";"India_2810"
"5208";"China_2037"
"5209";"Australia_4418"
"5210";"Brazil_2616"
"5211";"Australia_9952"
"5212";"India_3554"
"5213";"Canada_4949"
"5214";"Germany_8061"
"5215";"Japan_9623"
"5216";"Brazil_2299"
"5217";"Australia_2071"
"5218";"Japan_9667"
"5219";"Brazil_3031"
"5220";"Japan_6602"
"5221";"USA_8153"
"5222";"France_5489"
"5223";"China_3915"
"5224";"Australia_6987"
"5225";"Australia_7530"
"5226";"France_8187"
"5227";"Canada_6781"
"5228";"France_1161"
"5229";"Australia_6033"
"5230";"Brazil_5179"
"5231";"Brazil_8117"
"5232";"Germany_8616"
"5233";"UK_9659"
"5234";"USA_6972"
"5235";"UK_9551"
"5236";"China_1723"
"5237";"India_9775"
"5238";"China_8230"
"5239";"China_5390"
"5240";"USA_1354"
"5241";"Brazil_4226"
"5242";"USA_5115"
"5243";"UK_5160"
"5244";"Germany_6998"
"5245";"USA_5539"
"5246";"Canada_6253"
"5247";"Canada_5960"
"5248";"UK_2970"
"5249";"USA_2797"
"5250";"Germany_8423"
"5251";"Japan_8873"
"5252";"Australia_2777"
"5253";"Brazil_8904"
"5254";"China_9199"
"5255";"Germany_4651"
"5256";"China_5584"
"5257";"Australia_1244"
"5258";"Canada_9390"
"5259";"India_5222"
"5260";"USA_5718"
"5261";"India_7639"
"5262";"France_3679"
"5263";"UK_1167"
"5264";"USA_7060"
"5265";"UK_6644"
"5266";"Australia_8692"
"5267";"Canada_6364"
"5268";"Canada_6697"
"5269";"Australia_6963"
"5270";"Australia_9029"
"5271";"Australia_9891"
"5272";"UK_7678"
"5273";"Brazil_2858"
"5274";"Australia_3205"
"5275";"USA_8173"
"5276";"Japan_9445"
"5277";"Japan_6909"
"5278";"USA_1268"
"5279";"France_6923"
"5280";"Japan_3128"
"5281";"Canada_6122"
"5282";"India_7182"
"5283";"USA_9357"
"5284";"India_5156"
"5285";"USA_4752"
"5286";"Japan_7883"
"5287";"India_8024"
"5288";"Brazil_9506"
"5289";"USA_9406"
"5290";"Canada_3160"
"5291";"France_2397"
"5292";"India_8101"
"5293";"China_6348"
"5294";"France_2704"
"5295";"USA_3250"
"5296";"China_1415"
"5297";"UK_6634"
"5298";"Canada_5316"
"5299";"France_5308"
"5300";"Japan_8020"
"5301";"UK_5603"
"5302";"Japan_7292"
"5303";"France_7129"
"5304";"China_6816"
"5305";"India_2359"
"5306";"China_1484"
"5307";"USA_6972"
"5308";"Brazil_2105"
"5309";"USA_4265"
"5310";"Australia_8084"
"5311";"Brazil_7211"
"5312";"India_1265"
"5313";"India_4147"
"5314";"Germany_4403"
"5315";"Germany_1335"
"5316";"Brazil_3751"
"5317";"Brazil_5257"
"5318";"China_3133"
"5319";"UK_3218"
"5320";"Canada_5945"
"5321";"UK_2999"
"5322";"USA_3481"
"5323";"Brazil_3152"
"5324";"China_1561"
"5325";"India_1292"
"5326";"India_1515"
"5327";"USA_8151"
"5328";"Australia_6235"
"5329";"China_9122"
"5330";"Australia_9196"
"5331";"France_2631"
"5332";"USA_3232"
"5333";"China_1724"
"5334";"USA_3686"
"5335";"USA_9518"
"5336";"Canada_3671"
"5337";"Brazil_2097"
"5338";"Canada_6805"
"5339";"Japan_2422"
"5340";"UK_2784"
"5341";"USA_4104"
"5342";"USA_7927"
"5343";"Australia_5687"
"5344";"France_9704"
"5345";"Australia_7198"
"5346";"Germany_4440"
"5347";"Germany_1584"
"5348";"UK_8137"
"5349";"UK_5348"
"5350";"Germany_1378"
"5351";"China_5056"
"5352";"USA_2674"
"5353";"Japan_5307"
"5354";"France_4763"
"5355";"Australia_6749"
"5356";"India_4369"
"5357";"Japan_4265"
"5358";"China_5723"
"5359";"Germany_7351"
"5360";"USA_7161"
"5361";"UK_6913"
"5362";"Germany_3895"
"5363";"Canada_2801"
"5364";"Australia_9171"
"5365";"Japan_5043"
"5366";"Australia_4288"
"5367";"China_9078"
"5368";"India_7895"
"5369";"France_5311"
"5370";"China_2866"
"5371";"Brazil_6660"
"5372";"France_1750"
"5373";"Japan_9313"
"5374";"China_8208"
"5375";"Brazil_9134"
"5376";"UK_9675"
"5377";"India_2619"
"5378";"Brazil_7694"
"5379";"USA_5621"
"5380";"USA_1552"
"5381";"UK_5905"
"5382";"Brazil_8225"
"5383";"Australia_4143"
"5384";"Japan_4688"
"5385";"UK_6793"
"5386";"Canada_5884"
"5387";"Brazil_5665"
"5388";"USA_9680"
"5389";"France_6944"
"5390";"China_8813"
"5391";"India_5966"
"5392";"Japan_7041"
"5393";"Australia_8083"
"5394";"Brazil_9213"
"5395";"UK_3297"
"5396";"Canada_6734"
"5397";"Australia_8270"
"5398";"India_6531"
"5399";"India_4666"
"5400";"Brazil_2879"
"5401";"Australia_3720"
"5402";"Australia_8761"
"5403";"Canada_6986"
"5404";"France_8898"
"5405";"Japan_7190"
"5406";"Germany_2534"
"5407";"France_1434"
"5408";"China_4453"
"5409";"Brazil_8699"
"5410";"Brazil_8204"
"5411";"Australia_5589"
"5412";"Germany_5355"
"5413";"Canada_6445"
"5414";"Australia_2272"
"5415";"France_3159"
"5416";"Japan_3577"
"5417";"Japan_3534"
"5418";"France_7952"
"5419";"Canada_2297"
"5420";"Brazil_8074"
"5421";"Australia_6736"
"5422";"UK_1328"
"5423";"Canada_9602"
"5424";"USA_8494"
"5425";"China_2980"
"5426";"Brazil_7174"
"5427";"Brazil_1490"
"5428";"Brazil_8744"
"5429";"Brazil_8725"
"5430";"Japan_6096"
"5431";"UK_1297"
"5432";"Australia_5781"
"5433";"Japan_8170"
"5434";"UK_4213"
"5435";"UK_6515"
"5436";"Canada_4878"
"5437";"Australia_7054"
"5438";"USA_9123"
"5439";"UK_1855"
"5440";"France_7136"
"5441";"Japan_1901"
"5442";"Japan_7891"
"5443";"UK_6830"
"5444";"Canada_4759"
"5445";"Canada_1947"
"5446";"China_3165"
"5447";"India_6620"
"5448";"UK_7299"
"5449";"China_7107"
"5450";"USA_6353"
"5451";"France_2746"
"5452";"USA_4010"
"5453";"USA_6474"
"5454";"Japan_5930"
"5455";"China_9413"
"5456";"France_8475"
"5457";"France_4312"
"5458";"USA_5653"
"5459";"Canada_5609"
"5460";"UK_1696"
"5461";"Japan_8741"
"5462";"Germany_6832"
"5463";"UK_6131"
"5464";"USA_1012"
"5465";"France_9056"
"5466";"China_9952"
"5467";"China_8598"
"5468";"UK_1793"
"5469";"Japan_1693"
"5470";"Australia_7033"
"5471";"Canada_1402"
"5472";"France_8348"
"5473";"Australia_2002"
"5474";"Japan_7916"
"5475";"UK_6384"
"5476";"India_5066"
"5477";"USA_2796"
"5478";"Japan_7538"
"5479";"Japan_1069"
"5480";"USA_6464"
"5481";"Japan_5208"
"5482";"Australia_4774"
"5483";"India_7833"
"5484";"China_6870"
"5485";"UK_6029"
"5486";"India_7737"
"5487";"Germany_2740"
"5488";"France_9435"
"5489";"USA_1606"
"5490";"Brazil_8608"
"5491";"China_5105"
"5492";"Brazil_1523"
"5493";"Japan_9999"
"5494";"India_5285"
"5495";"India_1422"
"5496";"UK_6450"
"5497";"USA_1769"
"5498";"Brazil_2569"
"5499";"Canada_5898"
"5500";"India_7937"
"5501";"Japan_7736"
"5502";"UK_3546"
"5503";"Japan_6764"
"5504";"USA_6598"
"5505";"China_1493"
"5506";"UK_4995"
"5507";"Germany_9470"
"5508";"Australia_8987"
"5509";"Germany_4519"
"5510";"China_4979"
"5511";"India_8942"
"5512";"Canada_8093"
"5513";"India_1300"
"5514";"UK_5863"
"5515";"UK_9699"
"5516";"India_5525"
"5517";"Canada_8689"
"5518";"Germany_7376"
"5519";"USA_7943"
"5520";"Australia_3542"
"5521";"Germany_4804"
"5522";"China_5415"
"5523";"USA_5645"
"5524";"UK_4527"
"5525";"UK_8206"
"5526";"India_7188"
"5527";"Australia_8709"
"5528";"USA_1787"
"5529";"India_9570"
"5530";"Japan_3757"
"5531";"Japan_3251"
"5532";"Australia_9960"
"5533";"UK_6995"
"5534";"France_7258"
"5535";"Brazil_2958"
"5536";"France_8891"
"5537";"Brazil_7307"
"5538";"UK_4815"
"5539";"Germany_7727"
"5540";"France_4475"
"5541";"Australia_6485"
"5542";"UK_1942"
"5543";"France_5531"
"5544";"Brazil_6626"
"5545";"Japan_4113"
"5546";"China_9523"
"5547";"Australia_8931"
"5548";"Australia_2985"
"5549";"UK_3340"
"5550";"Australia_9608"
"5551";"China_8498"
"5552";"UK_2996"
"5553";"Canada_7445"
"5554";"China_6494"
"5555";"China_2378"
"5556";"Australia_4741"
"5557";"UK_5678"
"5558";"China_2221"
"5559";"Germany_9099"
"5560";"USA_8894"
"5561";"India_6102"
"5562";"China_8893"
"5563";"Canada_6049"
"5564";"India_7896"
"5565";"France_5583"
"5566";"Brazil_8021"
"5567";"Australia_3159"
"5568";"Canada_5828"
"5569";"UK_1312"
"5570";"Australia_8478"
"5571";"UK_5272"
"5572";"Australia_5880"
"5573";"France_1276"
"5574";"France_7327"
"5575";"Brazil_1727"
"5576";"Brazil_2881"
"5577";"Australia_3201"
"5578";"USA_7897"
"5579";"France_4242"
"5580";"Canada_9531"
"5581";"USA_7923"
"5582";"Germany_1749"
"5583";"UK_6940"
"5584";"Australia_8117"
"5585";"Brazil_1767"
"5586";"China_5518"
"5587";"Canada_7939"
"5588";"India_2193"
"5589";"Australia_6214"
"5590";"China_8332"
"5591";"UK_3379"
"5592";"Germany_7231"
"5593";"UK_7975"
"5594";"UK_5456"
"5595";"France_4895"
"5596";"Germany_7905"
"5597";"France_7137"
"5598";"Japan_1458"
"5599";"Australia_8481"
"5600";"UK_4020"
"5601";"China_9058"
"5602";"USA_9920"
"5603";"France_7966"
"5604";"Canada_8079"
"5605";"Canada_9811"
"5606";"India_5706"
"5607";"Australia_2116"
"5608";"Japan_6848"
"5609";"Germany_3068"
"5610";"Brazil_5676"
"5611";"India_8227"
"5612";"China_6238"
"5613";"France_8480"
"5614";"Japan_5980"
"5615";"UK_1310"
"5616";"Australia_7080"
"5617";"Australia_5728"
"5618";"Japan_9127"
"5619";"Germany_4855"
"5620";"Brazil_1106"
"5621";"Germany_4333"
"5622";"Germany_9369"
"5623";"Germany_4016"
"5624";"Germany_9988"
"5625";"China_9633"
"5626";"Germany_3131"
"5627";"UK_8801"
"5628";"France_4036"
"5629";"UK_6487"
"5630";"Canada_5927"
"5631";"UK_9242"
"5632";"Brazil_5255"
"5633";"Brazil_7670"
"5634";"Canada_8439"
"5635";"France_1314"
"5636";"Japan_3017"
"5637";"USA_9504"
"5638";"Australia_9421"
"5639";"Japan_3470"
"5640";"France_8142"
"5641";"Australia_6481"
"5642";"Brazil_4857"
"5643";"France_6964"
"5644";"France_7607"
"5645";"India_9860"
"5646";"Brazil_1888"
"5647";"India_1129"
"5648";"Brazil_4470"
"5649";"Canada_2762"
"5650";"USA_3262"
"5651";"China_1129"
"5652";"Brazil_1103"
"5653";"Japan_1794"
"5654";"France_6163"
"5655";"USA_1962"
"5656";"India_8805"
"5657";"Canada_5648"
"5658";"UK_1073"
"5659";"Australia_5564"
"5660";"Japan_6069"
"5661";"UK_2231"
"5662";"China_5768"
"5663";"Canada_8522"
"5664";"Australia_2005"
"5665";"France_6407"
"5666";"Canada_4698"
"5667";"Australia_4609"
"5668";"India_9292"
"5669";"France_9071"
"5670";"Brazil_7732"
"5671";"India_2273"
"5672";"Germany_9605"
"5673";"Australia_9048"
"5674";"Germany_4469"
"5675";"Japan_3482"
"5676";"Australia_7937"
"5677";"Brazil_2472"
"5678";"USA_2545"
"5679";"Germany_8109"
"5680";"France_5178"
"5681";"Japan_7407"
"5682";"Japan_4131"
"5683";"Japan_2835"
"5684";"India_7687"
"5685";"France_3534"
"5686";"UK_6977"
"5687";"Japan_1762"
"5688";"France_6693"
"5689";"Germany_3311"
"5690";"UK_2683"
"5691";"UK_3180"
"5692";"Australia_9282"
"5693";"Japan_3744"
"5694";"Japan_5608"
"5695";"France_9850"
"5696";"Germany_1685"
"5697";"USA_6376"
"5698";"Germany_6981"
"5699";"Brazil_3262"
"5700";"China_8154"
"5701";"Brazil_8575"
"5702";"Japan_8542"
"5703";"USA_4128"
"5704";"Canada_1554"
"5705";"Japan_1378"
"5706";"Canada_3209"
"5707";"Germany_3562"
"5708";"Canada_2814"
"5709";"Australia_3406"
"5710";"Canada_3385"
"5711";"Japan_6676"
"5712";"India_6372"
"5713";"Japan_6983"
"5714";"Canada_3345"
"5715";"France_9703"
"5716";"USA_1259"
"5717";"France_8601"
"5718";"Germany_8091"
"5719";"France_4321"
"5720";"Canada_9278"
"5721";"UK_2402"
"5722";"Brazil_7139"
"5723";"UK_6025"
"5724";"India_5227"
"5725";"Canada_9093"
"5726";"China_8726"
"5727";"USA_2964"
"5728";"Japan_4784"
"5729";"Canada_1226"
"5730";"Australia_7234"
"5731";"Germany_9428"
"5732";"Germany_6032"
"5733";"Australia_2762"
"5734";"Brazil_7191"
"5735";"Brazil_3779"
"5736";"UK_7091"
"5737";"Japan_1728"
"5738";"France_5009"
"5739";"Japan_7619"
"5740";"Brazil_9684"
"5741";"Australia_7439"
"5742";"Japan_9192"
"5743";"China_8690"
"5744";"USA_1397"
"5745";"Brazil_2329"
"5746";"USA_4691"
"5747";"France_5175"
"5748";"China_2104"
"5749";"France_2408"
"5750";"Canada_8828"
"5751";"France_2060"
"5752";"UK_4692"
"5753";"USA_7615"
"5754";"India_3458"
"5755";"India_6180"
"5756";"Japan_5298"
"5757";"Germany_9052"
"5758";"India_7305"
"5759";"Canada_3327"
"5760";"Germany_6468"
"5761";"Japan_2953"
"5762";"Canada_6896"
"5763";"Germany_5452"
"5764";"UK_5528"
"5765";"France_1975"
"5766";"UK_5772"
"5767";"China_1901"
"5768";"Canada_2166"
"5769";"China_6063"
"5770";"Germany_5697"
"5771";"Canada_8678"
"5772";"Germany_5608"
"5773";"Australia_1453"
"5774";"Canada_4137"
"5775";"Brazil_2528"
"5776";"Australia_1803"
"5777";"Germany_2517"
"5778";"Australia_4606"
"5779";"Brazil_1869"
"5780";"UK_3058"
"5781";"Germany_5285"
"5782";"India_9896"
"5783";"Japan_5467"
"5784";"Germany_5821"
"5785";"Germany_7393"
"5786";"USA_7087"
"5787";"Brazil_5121"
"5788";"France_6519"
"5789";"Canada_5783"
"5790";"Brazil_6201"
"5791";"Australia_2773"
"5792";"Brazil_5884"
"5793";"Canada_5845"
"5794";"UK_4095"
"5795";"China_7208"
"5796";"Canada_1093"
"5797";"Germany_9899"
"5798";"China_7246"
"5799";"Canada_3584"
"5800";"Japan_2887"
"5801";"Canada_4607"
"5802";"Australia_7556"
"5803";"Germany_3109"
"5804";"China_9069"
"5805";"Australia_9329"
"5806";"Japan_5643"
"5807";"Japan_5249"
"5808";"France_3957"
"5809";"UK_9945"
"5810";"UK_9344"
"5811";"Japan_7030"
"5812";"Canada_4490"
"5813";"USA_4044"
"5814";"Australia_9438"
"5815";"France_7925"
"5816";"Canada_2629"
"5817";"India_5632"
"5818";"France_2350"
"5819";"USA_2968"
"5820";"Japan_8253"
"5821";"UK_4104"
"5822";"Brazil_3701"
"5823";"Brazil_6387"
"5824";"Canada_7047"
"5825";"Germany_4411"
"5826";"Germany_2396"
"5827";"Germany_5824"
"5828";"Germany_8099"
"5829";"France_2462"
"5830";"Canada_9888"
"5831";"India_3727"
"5832";"Australia_8831"
"5833";"Canada_8255"
"5834";"USA_5362"
"5835";"Brazil_9582"
"5836";"USA_7809"
"5837";"Germany_8133"
"5838";"China_3261"
"5839";"India_6755"
"5840";"UK_9013"
"5841";"France_2443"
"5842";"USA_1314"
"5843";"Brazil_2975"
"5844";"France_8714"
"5845";"China_3796"
"5846";"Canada_2707"
"5847";"Canada_8262"
"5848";"Canada_6615"
"5849";"Germany_6343"
"5850";"Germany_6974"
"5851";"Brazil_3434"
"5852";"China_2481"
"5853";"Germany_7242"
"5854";"USA_7275"
"5855";"India_1045"
"5856";"UK_8384"
"5857";"Canada_5905"
"5858";"USA_9741"
"5859";"Germany_5939"
"5860";"Canada_7184"
"5861";"Japan_2054"
"5862";"Japan_1378"
"5863";"USA_7700"
"5864";"USA_7896"
"5865";"Canada_8737"
"5866";"Japan_4939"
"5867";"Australia_6217"
"5868";"China_1675"
"5869";"India_2874"
"5870";"China_3540"
"5871";"India_5392"
"5872";"Canada_7603"
"5873";"UK_5938"
"5874";"Brazil_8390"
"5875";"Germany_6978"
"5876";"India_3080"
"5877";"India_4720"
"5878";"India_7962"
"5879";"Brazil_9812"
"5880";"Australia_6778"
"5881";"Canada_4473"
"5882";"USA_6000"
"5883";"Australia_1735"
"5884";"Australia_5978"
"5885";"Japan_7974"
"5886";"Brazil_7708"
"5887";"Canada_2696"
"5888";"India_8854"
"5889";"USA_8970"
"5890";"USA_9744"
"5891";"Germany_5404"
"5892";"India_5980"
"5893";"China_1987"
"5894";"Canada_1932"
"5895";"Japan_9827"
"5896";"UK_7341"
"5897";"China_6035"
"5898";"France_3593"
"5899";"Japan_4969"
"5900";"Canada_8069"
"5901";"Canada_9604"
"5902";"UK_1856"
"5903";"Germany_2827"
"5904";"France_1011"
"5905";"Germany_2778"
"5906";"Japan_7690"
"5907";"China_4110"
"5908";"France_8889"
"5909";"Japan_5905"
"5910";"Brazil_5199"
"5911";"Brazil_9632"
"5912";"USA_1228"
"5913";"France_8655"
"5914";"Germany_9389"
"5915";"USA_1494"
"5916";"China_6897"
"5917";"UK_9606"
"5918";"Brazil_3444"
"5919";"Brazil_5993"
"5920";"USA_1877"
"5921";"India_8737"
"5922";"Canada_5106"
"5923";"Japan_9385"
"5924";"Japan_6357"
"5925";"UK_9336"
"5926";"Brazil_3172"
"5927";"China_3250"
"5928";"Brazil_6203"
"5929";"Canada_7610"
"5930";"China_7768"
"5931";"Australia_7111"
"5932";"Canada_2206"
"5933";"UK_4913"
"5934";"Canada_1494"
"5935";"Germany_2185"
"5936";"Canada_1064"
"5937";"USA_9565"
"5938";"USA_1154"
"5939";"France_7851"
"5940";"USA_3789"
"5941";"USA_1331"
"5942";"Japan_9190"
"5943";"China_9636"
"5944";"France_1386"
"5945";"Germany_2611"
"5946";"France_1146"
"5947";"France_7285"
"5948";"Brazil_2095"
"5949";"India_1239"
"5950";"Brazil_4702"
"5951";"Australia_6193"
"5952";"China_3342"
"5953";"UK_7775"
"5954";"India_9654"
"5955";"Japan_5455"
"5956";"Germany_7761"
"5957";"Germany_8375"
"5958";"Brazil_8282"
"5959";"Germany_9977"
"5960";"France_7031"
"5961";"China_7805"
"5962";"France_4010"
"5963";"USA_5963"
"5964";"Germany_5201"
"5965";"India_9154"
"5966";"Australia_1127"
"5967";"India_2022"
"5968";"Germany_1277"
"5969";"China_6067"
"5970";"Japan_4788"
"5971";"Canada_9368"
"5972";"UK_8900"
"5973";"France_3798"
"5974";"China_1072"
"5975";"Japan_4189"
"5976";"China_6954"
"5977";"India_4418"
"5978";"Japan_3365"
"5979";"Canada_6182"
"5980";"India_6180"
"5981";"Japan_7783"
"5982";"Japan_2267"
"5983";"Japan_9024"
"5984";"Germany_7062"
"5985";"UK_7960"
"5986";"UK_6681"
"5987";"USA_1304"
"5988";"Japan_9659"
"5989";"UK_9778"
"5990";"UK_8869"
"5991";"Germany_8508"
"5992";"Japan_9828"
"5993";"Brazil_2159"
"5994";"Canada_6583"
"5995";"Germany_6644"
"5996";"Japan_3997"
"5997";"China_7146"
"5998";"Canada_9815"
"5999";"Canada_5165"
"6000";"Germany_9806"
"6001";"Germany_4839"
"6002";"China_3696"
"6003";"Australia_8667"
"6004";"Canada_5425"
"6005";"Brazil_7077"
"6006";"Brazil_4635"
"6007";"Australia_6387"
"6008";"UK_7631"
"6009";"UK_6516"
"6010";"USA_1135"
"6011";"France_7914"
"6012";"USA_5158"
"6013";"Brazil_8778"
"6014";"China_3359"
"6015";"UK_2833"
"6016";"India_5599"
"6017";"Germany_8893"
"6018";"UK_1585"
"6019";"France_4076"
"6020";"USA_9185"
"6021";"UK_2841"
"6022";"India_7309"
"6023";"Australia_5317"
"6024";"Germany_8237"
"6025";"Japan_9659"
"6026";"China_1388"
"6027";"Brazil_2447"
"6028";"Canada_7000"
"6029";"Japan_2985"
"6030";"USA_2723"
"6031";"Germany_6879"
"6032";"UK_7194"
"6033";"Japan_2783"
"6034";"India_6140"
"6035";"China_1613"
"6036";"India_2390"
"6037";"France_3897"
"6038";"UK_7545"
"6039";"Brazil_9279"
"6040";"USA_9407"
"6041";"Canada_5225"
"6042";"France_5621"
"6043";"Brazil_5769"
"6044";"Canada_5037"
"6045";"Japan_7790"
"6046";"UK_3683"
"6047";"China_8877"
"6048";"USA_9524"
"6049";"Australia_2068"
"6050";"Germany_7586"
"6051";"Germany_8518"
"6052";"UK_3583"
"6053";"France_9412"
"6054";"UK_2590"
"6055";"Brazil_9514"
"6056";"India_4461"
"6057";"China_8129"
"6058";"France_6315"
"6059";"USA_1833"
"6060";"UK_4995"
"6061";"Australia_6412"
"6062";"Brazil_4876"
"6063";"Japan_7946"
"6064";"India_8093"
"6065";"Brazil_1259"
"6066";"France_5087"
"6067";"China_4324"
"6068";"Japan_9380"
"6069";"Brazil_4305"
"6070";"Australia_6386"
"6071";"UK_1582"
"6072";"Germany_8600"
"6073";"UK_5168"
"6074";"Australia_2793"
"6075";"India_6566"
"6076";"UK_9623"
"6077";"UK_6752"
"6078";"Germany_5682"
"6079";"USA_2186"
"6080";"Canada_8402"
"6081";"Australia_4962"
"6082";"India_9659"
"6083";"Japan_3881"
"6084";"Japan_4812"
"6085";"India_2499"
"6086";"France_4175"
"6087";"India_2836"
"6088";"Brazil_7313"
"6089";"UK_5427"
"6090";"China_1293"
"6091";"India_2739"
"6092";"China_4411"
"6093";"France_5164"
"6094";"China_4420"
"6095";"Japan_1507"
"6096";"Australia_6855"
"6097";"USA_8691"
"6098";"China_4430"
"6099";"France_5951"
"6100";"USA_1209"
"6101";"China_5417"
"6102";"Australia_2038"
"6103";"Japan_7973"
"6104";"India_7160"
"6105";"Germany_1280"
"6106";"UK_4881"
"6107";"Germany_9217"
"6108";"Canada_5211"
"6109";"Japan_7049"
"6110";"France_6035"
"6111";"Canada_6240"
"6112";"USA_1248"
"6113";"Japan_3551"
"6114";"Australia_2250"
"6115";"France_1801"
"6116";"UK_4964"
"6117";"Australia_6113"
"6118";"China_8469"
"6119";"India_6901"
"6120";"USA_9900"
"6121";"Australia_8997"
"6122";"Australia_9844"
"6123";"UK_7072"
"6124";"France_9777"
"6125";"India_5115"
"6126";"India_9191"
"6127";"Australia_2602"
"6128";"China_2717"
"6129";"China_1204"
"6130";"UK_7435"
"6131";"China_4424"
"6132";"China_8153"
"6133";"Japan_7089"
"6134";"France_7318"
"6135";"Brazil_3245"
"6136";"Japan_4794"
"6137";"Canada_7887"
"6138";"Canada_7708"
"6139";"USA_3471"
"6140";"India_5590"
"6141";"Australia_2965"
"6142";"India_6026"
"6143";"Japan_6812"
"6144";"Canada_3201"
"6145";"France_8513"
"6146";"Japan_6936"
"6147";"Australia_1176"
"6148";"Brazil_4917"
"6149";"Germany_1846"
"6150";"India_8825"
"6151";"Canada_7069"
"6152";"Japan_9895"
"6153";"USA_7378"
"6154";"USA_6127"
"6155";"Germany_5016"
"6156";"UK_4169"
"6157";"UK_7069"
"6158";"France_6794"
"6159";"Japan_2462"
"6160";"UK_3643"
"6161";"France_2056"
"6162";"China_6281"
"6163";"France_1842"
"6164";"China_5466"
"6165";"Canada_6286"
"6166";"Canada_7235"
"6167";"France_8900"
"6168";"Japan_4993"
"6169";"Australia_5763"
"6170";"France_1564"
"6171";"China_4857"
"6172";"UK_6215"
"6173";"UK_2380"
"6174";"Brazil_7287"
"6175";"UK_9033"
"6176";"Germany_7051"
"6177";"UK_7670"
"6178";"Brazil_1275"
"6179";"Japan_9207"
"6180";"China_1464"
"6181";"UK_7961"
"6182";"UK_3078"
"6183";"Germany_4835"
"6184";"Brazil_1162"
"6185";"France_5566"
"6186";"India_5301"
"6187";"Australia_5624"
"6188";"Germany_5149"
"6189";"USA_2225"
"6190";"Australia_4941"
"6191";"India_1855"
"6192";"Canada_8786"
"6193";"Japan_6245"
"6194";"India_3588"
"6195";"Germany_2975"
"6196";"Brazil_6233"
"6197";"Australia_1657"
"6198";"Canada_2387"
"6199";"UK_3448"
"6200";"France_8038"
"6201";"Australia_4697"
"6202";"UK_7894"
"6203";"Brazil_8729"
"6204";"China_4808"
"6205";"China_3793"
"6206";"Germany_1802"
"6207";"Canada_9096"
"6208";"China_3610"
"6209";"India_4739"
"6210";"UK_3547"
"6211";"Japan_6752"
"6212";"USA_6370"
"6213";"Japan_6269"
"6214";"UK_7789"
"6215";"India_1579"
"6216";"USA_4893"
"6217";"China_6757"
"6218";"Brazil_3362"
"6219";"Brazil_3061"
"6220";"China_9900"
"6221";"China_7555"
"6222";"Germany_9460"
"6223";"Germany_3746"
"6224";"Canada_4042"
"6225";"UK_7082"
"6226";"France_8188"
"6227";"Canada_1835"
"6228";"France_6180"
"6229";"USA_1911"
"6230";"India_7684"
"6231";"Japan_2802"
"6232";"UK_2089"
"6233";"China_5471"
"6234";"USA_4159"
"6235";"Canada_2779"
"6236";"Canada_6374"
"6237";"Canada_6104"
"6238";"India_4618"
"6239";"UK_5812"
"6240";"Brazil_5870"
"6241";"Canada_5225"
"6242";"Japan_1443"
"6243";"USA_7397"
"6244";"India_1569"
"6245";"USA_8242"
"6246";"Germany_7473"
"6247";"Australia_4811"
"6248";"USA_6153"
"6249";"Australia_1616"
"6250";"Canada_2332"
"6251";"UK_2773"
"6252";"Canada_4710"
"6253";"Germany_1527"
"6254";"UK_4639"
"6255";"Canada_2390"
"6256";"UK_3676"
"6257";"Japan_3339"
"6258";"Germany_3358"
"6259";"India_6763"
"6260";"UK_8271"
"6261";"Canada_6291"
"6262";"Australia_9103"
"6263";"France_8334"
"6264";"France_4425"
"6265";"Canada_9073"
"6266";"Brazil_6561"
"6267";"France_7002"
"6268";"Brazil_1990"
"6269";"India_1801"
"6270";"USA_7312"
"6271";"UK_5728"
"6272";"Brazil_7020"
"6273";"China_9837"
"6274";"France_6724"
"6275";"Japan_3231"
"6276";"Australia_9881"
"6277";"Brazil_5662"
"6278";"UK_9648"
"6279";"India_6367"
"6280";"Japan_7150"
"6281";"Australia_6545"
"6282";"India_6006"
"6283";"France_1221"
"6284";"France_5140"
"6285";"China_5675"
"6286";"Canada_7578"
"6287";"Brazil_2903"
"6288";"Germany_4971"
"6289";"UK_5322"
"6290";"France_2383"
"6291";"Canada_6383"
"6292";"Australia_9830"
"6293";"Brazil_3336"
"6294";"China_1914"
"6295";"USA_6349"
"6296";"Germany_4417"
"6297";"Japan_8781"
"6298";"France_1089"
"6299";"Germany_4668"
"6300";"France_6889"
"6301";"France_7894"
"6302";"USA_6985"
"6303";"China_7679"
"6304";"Germany_2036"
"6305";"USA_5582"
"6306";"India_6740"
"6307";"India_5821"
"6308";"Germany_4938"
"6309";"UK_5438"
"6310";"France_4892"
"6311";"Germany_8017"
"6312";"Japan_9286"
"6313";"Japan_5285"
"6314";"Germany_7852"
"6315";"Germany_2628"
"6316";"Germany_6260"
"6317";"Japan_5297"
"6318";"Germany_8300"
"6319";"China_2042"
"6320";"Germany_9099"
"6321";"USA_1503"
"6322";"Brazil_9678"
"6323";"Australia_8361"
"6324";"India_8764"
"6325";"USA_1278"
"6326";"China_8411"
"6327";"China_4308"
"6328";"France_6151"
"6329";"Canada_6104"
"6330";"India_6631"
"6331";"UK_8052"
"6332";"USA_3314"
"6333";"UK_8510"
"6334";"Germany_5869"
"6335";"Germany_7922"
"6336";"Germany_7710"
"6337";"Germany_3188"
"6338";"China_9183"
"6339";"Australia_1787"
"6340";"Australia_5308"
"6341";"Australia_3776"
"6342";"Germany_5971"
"6343";"Canada_7469"
"6344";"China_7170"
"6345";"USA_6009"
"6346";"Germany_4658"
"6347";"China_7414"
"6348";"Canada_8944"
"6349";"Brazil_4220"
"6350";"Australia_8681"
"6351";"USA_9968"
"6352";"Japan_3270"
"6353";"Australia_8426"
"6354";"USA_4668"
"6355";"France_3854"
"6356";"India_4230"
"6357";"Japan_9690"
"6358";"India_2034"
"6359";"France_5452"
"6360";"China_4290"
"6361";"France_5448"
"6362";"UK_1908"
"6363";"China_5221"
"6364";"India_1026"
"6365";"China_8516"
"6366";"Brazil_8578"
"6367";"Japan_5348"
"6368";"Japan_6412"
"6369";"USA_1705"
"6370";"Brazil_1692"
"6371";"China_7802"
"6372";"Australia_7021"
"6373";"USA_9177"
"6374";"UK_3179"
"6375";"Canada_4811"
"6376";"Germany_8796"
"6377";"India_6827"
"6378";"India_5561"
"6379";"Canada_8219"
"6380";"Canada_7122"
"6381";"China_7353"
"6382";"Canada_3604"
"6383";"Japan_2300"
"6384";"UK_2269"
"6385";"UK_4421"
"6386";"India_9588"
"6387";"China_7379"
"6388";"Germany_8920"
"6389";"USA_4066"
"6390";"USA_5981"
"6391";"Germany_5056"
"6392";"UK_6235"
"6393";"UK_9960"
"6394";"USA_7133"
"6395";"India_9895"
"6396";"UK_6803"
"6397";"Germany_4203"
"6398";"Germany_9641"
"6399";"France_1350"
"6400";"Germany_1892"
"6401";"USA_5805"
"6402";"USA_3267"
"6403";"China_9840"
"6404";"Japan_4556"
"6405";"UK_7018"
"6406";"Germany_2332"
"6407";"Germany_8158"
"6408";"Japan_8023"
"6409";"India_7009"
"6410";"Australia_6977"
"6411";"Australia_6481"
"6412";"India_6354"
"6413";"China_8398"
"6414";"UK_3381"
"6415";"Germany_6666"
"6416";"Japan_6229"
"6417";"Brazil_4369"
"6418";"Germany_8950"
"6419";"Canada_4738"
"6420";"Germany_9466"
"6421";"Australia_2230"
"6422";"France_2173"
"6423";"USA_3220"
"6424";"Brazil_5629"
"6425";"India_5968"
"6426";"China_8740"
"6427";"USA_4344"
"6428";"Canada_3887"
"6429";"China_7753"
"6430";"France_4329"
"6431";"Canada_3483"
"6432";"France_9213"
"6433";"UK_8709"
"6434";"France_1550"
"6435";"China_5073"
"6436";"India_1440"
"6437";"India_8716"
"6438";"Canada_8650"
"6439";"Australia_4907"
"6440";"UK_6396"
"6441";"India_5353"
"6442";"Canada_8143"
"6443";"Canada_7556"
"6444";"UK_7283"
"6445";"France_7372"
"6446";"Brazil_2530"
"6447";"Canada_8728"
"6448";"Germany_8070"
"6449";"France_2786"
"6450";"Germany_7306"
"6451";"USA_5737"
"6452";"Canada_7255"
"6453";"China_5225"
"6454";"Canada_6975"
"6455";"Japan_4506"
"6456";"UK_4846"
"6457";"Australia_6528"
"6458";"UK_8419"
"6459";"Australia_2209"
"6460";"China_2205"
"6461";"France_4012"
"6462";"India_2386"
"6463";"Japan_9233"
"6464";"France_9954"
"6465";"Australia_7038"
"6466";"Australia_8132"
"6467";"Brazil_1171"
"6468";"Germany_3061"
"6469";"China_2628"
"6470";"France_4387"
"6471";"USA_5703"
"6472";"Canada_5873"
"6473";"India_6262"
"6474";"China_3120"
"6475";"China_2938"
"6476";"China_9751"
"6477";"Japan_5828"
"6478";"Japan_4979"
"6479";"Australia_6150"
"6480";"China_9053"
"6481";"Australia_8652"
"6482";"Australia_1910"
"6483";"France_3435"
"6484";"Brazil_3081"
"6485";"China_9625"
"6486";"Japan_2152"
"6487";"Brazil_8275"
"6488";"France_2864"
"6489";"Germany_6939"
"6490";"UK_7067"
"6491";"France_8823"
"6492";"Japan_5046"
"6493";"Germany_7465"
"6494";"Australia_6436"
"6495";"UK_1106"
"6496";"USA_8086"
"6497";"Germany_8681"
"6498";"UK_2177"
"6499";"Brazil_8238"
"6500";"France_1928"
"6501";"India_7500"
"6502";"France_8146"
"6503";"USA_6284"
"6504";"Australia_1078"
"6505";"UK_8942"
"6506";"Germany_7202"
"6507";"India_2365"
"6508";"Japan_7129"
"6509";"France_6166"
"6510";"Canada_7993"
"6511";"UK_6385"
"6512";"India_4382"
"6513";"China_7803"
"6514";"Germany_9828"
"6515";"France_8510"
"6516";"France_1244"
"6517";"Japan_1055"
"6518";"USA_8850"
"6519";"Brazil_5658"
"6520";"USA_9862"
"6521";"Japan_1456"
"6522";"Germany_1919"
"6523";"USA_5361"
"6524";"UK_3584"
"6525";"France_1863"
"6526";"China_3134"
"6527";"India_6795"
"6528";"India_1898"
"6529";"Germany_1915"
"6530";"India_1312"
"6531";"UK_7701"
"6532";"Brazil_8518"
"6533";"China_2527"
"6534";"Japan_7364"
"6535";"Japan_9177"
"6536";"China_9093"
"6537";"Australia_9186"
"6538";"France_2703"
"6539";"USA_4689"
"6540";"Germany_1763"
"6541";"India_9302"
"6542";"France_7870"
"6543";"Canada_2814"
"6544";"USA_9645"
"6545";"Germany_4931"
"6546";"China_6894"
"6547";"Brazil_5616"
"6548";"Brazil_8663"
"6549";"Japan_6062"
"6550";"UK_1219"
"6551";"Canada_4604"
"6552";"USA_4519"
"6553";"France_8419"
"6554";"Australia_2289"
"6555";"China_3731"
"6556";"Canada_5296"
"6557";"France_4050"
"6558";"India_2283"
"6559";"Japan_6936"
"6560";"Germany_3245"
"6561";"UK_8229"
"6562";"Canada_1150"
"6563";"Canada_1798"
"6564";"China_5818"
"6565";"Australia_4364"
"6566";"Japan_3563"
"6567";"Australia_1431"
"6568";"India_4122"
"6569";"Germany_2442"
"6570";"Germany_9301"
"6571";"USA_1744"
"6572";"UK_3441"
"6573";"Japan_4691"
"6574";"USA_4157"
"6575";"Germany_9778"
"6576";"Japan_4362"
"6577";"Brazil_3879"
"6578";"UK_7457"
"6579";"China_7764"
"6580";"Germany_8419"
"6581";"Brazil_9086"
"6582";"Brazil_6864"
"6583";"Japan_3651"
"6584";"France_7601"
"6585";"India_3562"
"6586";"USA_8265"
"6587";"Japan_7981"
"6588";"UK_5259"
"6589";"Germany_1091"
"6590";"France_9406"
"6591";"Brazil_6893"
"6592";"France_1319"
"6593";"Australia_8021"
"6594";"China_5540"
"6595";"Canada_6083"
"6596";"USA_2712"
"6597";"Germany_5791"
"6598";"Australia_4624"
"6599";"Brazil_8747"
"6600";"Brazil_7580"
"6601";"India_2307"
"6602";"France_2623"
"6603";"Australia_2075"
"6604";"Japan_6829"
"6605";"Germany_3078"
"6606";"Brazil_6032"
"6607";"Canada_5915"
"6608";"UK_4089"
"6609";"China_6462"
"6610";"Brazil_4979"
"6611";"Japan_9449"
"6612";"China_8728"
"6613";"India_8792"
"6614";"India_7493"
"6615";"Germany_9256"
"6616";"Australia_9427"
"6617";"Japan_5816"
"6618";"Japan_7661"
"6619";"Japan_3220"
"6620";"USA_1245"
"6621";"Japan_3676"
"6622";"Germany_4651"
"6623";"Japan_1281"
"6624";"Canada_9480"
"6625";"India_6606"
"6626";"Brazil_4189"
"6627";"Canada_2139"
"6628";"UK_2950"
"6629";"Australia_9803"
"6630";"UK_6714"
"6631";"Germany_3350"
"6632";"India_3221"
"6633";"Canada_4056"
"6634";"India_3083"
"6635";"India_4068"
"6636";"Japan_4550"
"6637";"UK_4853"
"6638";"Australia_6254"
"6639";"China_3147"
"6640";"China_3507"
"6641";"UK_2323"
"6642";"China_3577"
"6643";"USA_2059"
"6644";"India_6932"
"6645";"Canada_5189"
"6646";"Germany_9206"
"6647";"USA_2218"
"6648";"USA_4285"
"6649";"Australia_7470"
"6650";"France_4366"
"6651";"Australia_6721"
"6652";"USA_7409"
"6653";"USA_8285"
"6654";"Germany_9733"
"6655";"Germany_2373"
"6656";"France_2496"
"6657";"Canada_8073"
"6658";"USA_4933"
"6659";"China_3065"
"6660";"India_4854"
"6661";"India_1646"
"6662";"USA_5590"
"6663";"USA_1397"
"6664";"Brazil_3236"
"6665";"Japan_3925"
"6666";"China_9456"
"6667";"Australia_9349"
"6668";"France_2534"
"6669";"India_9000"
"6670";"Canada_4207"
"6671";"USA_7931"
"6672";"Australia_4832"
"6673";"India_2425"
"6674";"France_2604"
"6675";"Canada_9656"
"6676";"UK_7023"
"6677";"Japan_1546"
"6678";"Germany_2177"
"6679";"Canada_9449"
"6680";"Brazil_6944"
"6681";"Japan_1905"
"6682";"Japan_9703"
"6683";"Brazil_5209"
"6684";"China_2644"
"6685";"China_3361"
"6686";"India_4060"
"6687";"Japan_1902"
"6688";"Japan_8599"
"6689";"Australia_2261"
"6690";"Japan_1572"
"6691";"Canada_9532"
"6692";"India_4962"
"6693";"India_8485"
"6694";"India_8573"
"6695";"India_5530"
"6696";"France_9913"
"6697";"Germany_3591"
"6698";"India_6007"
"6699";"France_9823"
"6700";"Australia_6578"
"6701";"USA_9584"
"6702";"Canada_5895"
"6703";"Brazil_7752"
"6704";"USA_4232"
"6705";"Germany_1643"
"6706";"India_2127"
"6707";"Germany_7643"
"6708";"Germany_9081"
"6709";"Canada_4753"
"6710";"Germany_8584"
"6711";"UK_3329"
"6712";"Germany_3995"
"6713";"Australia_9944"
"6714";"China_8983"
"6715";"USA_9183"
"6716";"Canada_3630"
"6717";"Brazil_4323"
"6718";"Canada_4473"
"6719";"India_1080"
"6720";"UK_7278"
"6721";"Japan_2561"
"6722";"UK_1157"
"6723";"Australia_7933"
"6724";"China_5321"
"6725";"USA_2705"
"6726";"France_3506"
"6727";"Japan_6268"
"6728";"Brazil_6552"
"6729";"Germany_5082"
"6730";"Brazil_1596"
"6731";"Japan_2589"
"6732";"Brazil_7823"
"6733";"Canada_8339"
"6734";"Germany_7046"
"6735";"India_4820"
"6736";"Brazil_1175"
"6737";"France_5957"
"6738";"USA_3608"
"6739";"Brazil_5939"
"6740";"India_8378"
"6741";"Brazil_6726"
"6742";"China_7404"
"6743";"Australia_8145"
"6744";"Brazil_7128"
"6745";"UK_8135"
"6746";"India_9416"
"6747";"Germany_6685"
"6748";"Japan_6277"
"6749";"Brazil_5106"
"6750";"China_4523"
"6751";"China_3990"
"6752";"France_8113"
"6753";"Canada_1240"
"6754";"Canada_4544"
"6755";"India_3179"
"6756";"UK_1515"
"6757";"Germany_9170"
"6758";"Canada_7596"
"6759";"China_7797"
"6760";"Germany_7782"
"6761";"France_5682"
"6762";"UK_1933"
"6763";"China_3594"
"6764";"Canada_5884"
"6765";"Brazil_7459"
"6766";"UK_7771"
"6767";"Brazil_8524"
"6768";"China_2023"
"6769";"Australia_6723"
"6770";"UK_1527"
"6771";"Australia_4506"
"6772";"India_8878"
"6773";"Australia_2129"
"6774";"France_5554"
"6775";"Brazil_5374"
"6776";"India_7123"
"6777";"Australia_5975"
"6778";"Brazil_4424"
"6779";"Germany_3279"
"6780";"Brazil_4496"
"6781";"Germany_1908"
"6782";"USA_4792"
"6783";"Japan_1883"
"6784";"Germany_1657"
"6785";"UK_5545"
"6786";"Japan_9441"
"6787";"Japan_3486"
"6788";"France_8263"
"6789";"Germany_8632"
"6790";"Brazil_8652"
"6791";"Japan_5693"
"6792";"China_3309"
"6793";"UK_2633"
"6794";"UK_2249"
"6795";"Brazil_1049"
"6796";"Australia_8689"
"6797";"USA_2661"
"6798";"Germany_8366"
"6799";"Japan_9005"
"6800";"Germany_5807"
"6801";"Australia_2294"
"6802";"Japan_9333"
"6803";"Japan_3680"
"6804";"Japan_3926"
"6805";"Japan_5477"
"6806";"Germany_5740"
"6807";"Germany_5765"
"6808";"Australia_3880"
"6809";"Germany_3836"
"6810";"Canada_1970"
"6811";"UK_2915"
"6812";"Australia_1658"
"6813";"Australia_5271"
"6814";"Australia_4224"
"6815";"China_5832"
"6816";"France_9796"
"6817";"Australia_7646"
"6818";"Japan_3108"
"6819";"USA_8236"
"6820";"China_2515"
"6821";"Japan_9664"
"6822";"China_7983"
"6823";"Japan_1706"
"6824";"Australia_5566"
"6825";"Germany_9399"
"6826";"USA_2490"
"6827";"Canada_7721"
"6828";"UK_7302"
"6829";"France_6244"
"6830";"Australia_7932"
"6831";"UK_4510"
"6832";"USA_5307"
"6833";"India_6252"
"6834";"UK_8026"
"6835";"USA_6239"
"6836";"Australia_1313"
"6837";"USA_4791"
"6838";"China_7217"
"6839";"India_4006"
"6840";"Germany_2172"
"6841";"Australia_5225"
"6842";"Canada_7736"
"6843";"India_9956"
"6844";"Brazil_2541"
"6845";"Australia_3691"
"6846";"Germany_2257"
"6847";"Germany_9669"
"6848";"Australia_1407"
"6849";"India_2707"
"6850";"China_2769"
"6851";"China_1260"
"6852";"UK_8015"
"6853";"UK_5953"
"6854";"Brazil_4971"
"6855";"China_4887"
"6856";"UK_3110"
"6857";"Germany_6107"
"6858";"Germany_7057"
"6859";"UK_7119"
"6860";"France_8759"
"6861";"France_3353"
"6862";"France_2871"
"6863";"Canada_6389"
"6864";"Canada_5556"
"6865";"China_3073"
"6866";"UK_8385"
"6867";"Australia_5657"
"6868";"Australia_5019"
"6869";"India_8453"
"6870";"India_7445"
"6871";"Germany_2386"
"6872";"Australia_5338"
"6873";"Canada_7954"
"6874";"USA_4094"
"6875";"Australia_6204"
"6876";"UK_9027"
"6877";"Japan_7691"
"6878";"Japan_1889"
"6879";"Germany_2669"
"6880";"Germany_6709"
"6881";"Brazil_4453"
"6882";"Australia_6239"
"6883";"Brazil_6463"
"6884";"Germany_3643"
"6885";"USA_2061"
"6886";"UK_6377"
"6887";"India_3623"
"6888";"Germany_2455"
"6889";"France_5040"
"6890";"Germany_1662"
"6891";"UK_4235"
"6892";"India_2499"
"6893";"Japan_9374"
"6894";"France_2612"
"6895";"USA_1270"
"6896";"Brazil_9623"
"6897";"Australia_9417"
"6898";"France_2316"
"6899";"UK_4252"
"6900";"UK_5959"
"6901";"UK_2963"
"6902";"USA_2657"
"6903";"Germany_5829"
"6904";"Germany_5840"
"6905";"Germany_4510"
"6906";"China_6138"
"6907";"Japan_4039"
"6908";"Brazil_3499"
"6909";"Brazil_3134"
"6910";"China_1055"
"6911";"Brazil_9849"
"6912";"France_6632"
"6913";"France_1381"
"6914";"Germany_2550"
"6915";"Germany_9027"
"6916";"India_4576"
"6917";"UK_5710"
"6918";"China_4300"
"6919";"Germany_3315"
"6920";"Brazil_6292"
"6921";"Australia_8713"
"6922";"Australia_9925"
"6923";"India_2166"
"6924";"France_5834"
"6925";"UK_1349"
"6926";"Germany_9134"
"6927";"Australia_8406"
"6928";"USA_5507"
"6929";"UK_1978"
"6930";"China_6022"
"6931";"Germany_6618"
"6932";"China_8551"
"6933";"UK_3908"
"6934";"China_6296"
"6935";"Brazil_3463"
"6936";"UK_9131"
"6937";"Japan_7334"
"6938";"Germany_3177"
"6939";"China_3356"
"6940";"UK_8178"
"6941";"Canada_8178"
"6942";"Canada_9789"
"6943";"India_4391"
"6944";"China_4342"
"6945";"China_6985"
"6946";"India_3632"
"6947";"Canada_6159"
"6948";"UK_3336"
"6949";"Australia_7950"
"6950";"UK_4025"
"6951";"Brazil_4935"
"6952";"France_3547"
"6953";"Brazil_4979"
"6954";"Japan_8686"
"6955";"Australia_3223"
"6956";"USA_1061"
"6957";"France_9169"
"6958";"China_2664"
"6959";"France_4094"
"6960";"UK_8814"
"6961";"Germany_4631"
"6962";"Brazil_8662"
"6963";"Brazil_5900"
"6964";"Canada_7152"
"6965";"Japan_1786"
"6966";"France_5569"
"6967";"Brazil_8741"
"6968";"Japan_7967"
"6969";"Brazil_9702"
"6970";"Canada_4650"
"6971";"Canada_1036"
"6972";"Canada_4840"
"6973";"Canada_1645"
"6974";"France_5702"
"6975";"UK_3539"
"6976";"France_6918"
"6977";"China_9601"
"6978";"Germany_3168"
"6979";"UK_9784"
"6980";"India_4385"
"6981";"Japan_4269"
"6982";"China_5644"
"6983";"Germany_5830"
"6984";"Germany_5979"
"6985";"Germany_7130"
"6986";"India_9670"
"6987";"Brazil_2566"
"6988";"Germany_6728"
"6989";"Brazil_5745"
"6990";"UK_3598"
"6991";"France_7672"
"6992";"USA_5389"
"6993";"India_6343"
"6994";"UK_9014"
"6995";"Japan_6180"
"6996";"UK_9308"
"6997";"Brazil_4230"
"6998";"Australia_5603"
"6999";"Japan_5394"
"7000";"Japan_7064"
"7001";"Germany_4677"
"7002";"France_7292"
"7003";"China_6459"
"7004";"Brazil_3098"
"7005";"China_9743"
"7006";"Japan_4231"
"7007";"Brazil_1716"
"7008";"UK_3528"
"7009";"Japan_6584"
"7010";"India_3355"
"7011";"Canada_4490"
"7012";"Canada_1116"
"7013";"Australia_7802"
"7014";"China_3195"
"7015";"USA_8486"
"7016";"Brazil_6484"
"7017";"France_1837"
"7018";"China_3541"
"7019";"Canada_5745"
"7020";"Brazil_5293"
"7021";"UK_3868"
"7022";"China_7858"
"7023";"France_6495"
"7024";"Australia_7695"
"7025";"China_6757"
"7026";"Brazil_5129"
"7027";"Japan_9649"
"7028";"Brazil_2175"
"7029";"Canada_8496"
"7030";"Germany_6849"
"7031";"UK_8665"
"7032";"Australia_4009"
"7033";"France_7185"
"7034";"Brazil_1434"
"7035";"China_7595"
"7036";"Australia_5397"
"7037";"Germany_7187"
"7038";"USA_6985"
"7039";"Brazil_5032"
"7040";"France_5750"
"7041";"UK_9971"
"7042";"Canada_2699"
"7043";"Canada_6540"
"7044";"Australia_9979"
"7045";"Brazil_4743"
"7046";"Germany_9311"
"7047";"Australia_8224"
"7048";"India_9460"
"7049";"Germany_6734"
"7050";"China_6799"
"7051";"India_5590"
"7052";"Canada_9020"
"7053";"Japan_4080"
"7054";"UK_5336"
"7055";"China_1663"
"7056";"Canada_1591"
"7057";"France_6259"
"7058";"Canada_5607"
"7059";"Brazil_5208"
"7060";"UK_3489"
"7061";"France_1420"
"7062";"France_4588"
"7063";"Germany_2404"
"7064";"Australia_4386"
"7065";"China_7709"
"7066";"Germany_7995"
"7067";"Japan_1537"
"7068";"Canada_2242"
"7069";"Brazil_1766"
"7070";"China_4379"
"7071";"Japan_4308"
"7072";"China_6449"
"7073";"Brazil_2755"
"7074";"France_3305"
"7075";"France_2000"
"7076";"Brazil_8268"
"7077";"France_4088"
"7078";"India_3260"
"7079";"India_7148"
"7080";"USA_7482"
"7081";"USA_5827"
"7082";"Canada_7382"
"7083";"China_6824"
"7084";"UK_9216"
"7085";"Japan_5692"
"7086";"Japan_7211"
"7087";"Germany_4791"
"7088";"Japan_8123"
"7089";"USA_3225"
"7090";"Brazil_6174"
"7091";"Canada_7294"
"7092";"Japan_2016"
"7093";"Japan_8658"
"7094";"Australia_2365"
"7095";"China_3016"
"7096";"UK_9032"
"7097";"China_9472"
"7098";"France_8686"
"7099";"Japan_7793"
"7100";"China_6898"
"7101";"UK_6924"
"7102";"France_6480"
"7103";"Germany_6800"
"7104";"China_7881"
"7105";"Japan_7544"
"7106";"Brazil_9413"
"7107";"Canada_2956"
"7108";"Germany_7457"
"7109";"USA_7081"
"7110";"Brazil_4422"
"7111";"Canada_2297"
"7112";"UK_3849"
"7113";"China_7459"
"7114";"Australia_8079"
"7115";"China_5370"
"7116";"USA_2333"
"7117";"Australia_4994"
"7118";"India_1899"
"7119";"Canada_9134"
"7120";"China_3455"
"7121";"UK_1447"
"7122";"Australia_5402"
"7123";"Germany_8625"
"7124";"Brazil_7258"
"7125";"UK_6291"
"7126";"USA_9206"
"7127";"USA_1301"
"7128";"China_4871"
"7129";"India_8845"
"7130";"Canada_7220"
"7131";"Japan_3587"
"7132";"Germany_3175"
"7133";"UK_1040"
"7134";"USA_9188"
"7135";"UK_3214"
"7136";"Canada_5379"
"7137";"Japan_1282"
"7138";"India_2945"
"7139";"Brazil_8433"
"7140";"Germany_7718"
"7141";"Australia_7753"
"7142";"France_5842"
"7143";"India_5230"
"7144";"Canada_1799"
"7145";"France_5107"
"7146";"Japan_8841"
"7147";"Germany_5021"
"7148";"UK_6830"
"7149";"Canada_3587"
"7150";"Japan_6689"
"7151";"India_4819"
"7152";"UK_4368"
"7153";"India_3623"
"7154";"Canada_2534"
"7155";"Canada_6544"
"7156";"Germany_2540"
"7157";"Japan_7374"
"7158";"Japan_9249"
"7159";"China_1371"
"7160";"UK_5812"
"7161";"Brazil_8088"
"7162";"Australia_2363"
"7163";"Brazil_8118"
"7164";"Germany_6970"
"7165";"India_5369"
"7166";"USA_3296"
"7167";"Brazil_5306"
"7168";"Brazil_8148"
"7169";"Germany_8059"
"7170";"Japan_7803"
"7171";"UK_3729"
"7172";"China_9623"
"7173";"Germany_5289"
"7174";"UK_4879"
"7175";"Canada_9106"
"7176";"China_3107"
"7177";"Brazil_4089"
"7178";"Canada_4723"
"7179";"Canada_7945"
"7180";"Canada_9447"
"7181";"UK_9000"
"7182";"Japan_4982"
"7183";"Australia_4656"
"7184";"UK_7638"
"7185";"China_4215"
"7186";"Japan_2347"
"7187";"Brazil_6660"
"7188";"Japan_6423"
"7189";"UK_8108"
"7190";"USA_6252"
"7191";"Australia_9819"
"7192";"Brazil_4302"
"7193";"Canada_2374"
"7194";"India_6387"
"7195";"UK_9987"
"7196";"USA_6274"
"7197";"France_2320"
"7198";"UK_5626"
"7199";"France_5008"
"7200";"Germany_8528"
"7201";"Brazil_8966"
"7202";"China_3604"
"7203";"India_5781"
"7204";"Germany_5419"
"7205";"Canada_5932"
"7206";"USA_9949"
"7207";"France_9647"
"7208";"India_3747"
"7209";"Germany_2381"
"7210";"France_2516"
"7211";"Canada_8374"
"7212";"Australia_1462"
"7213";"Australia_6427"
"7214";"UK_9948"
"7215";"India_5179"
"7216";"India_8870"
"7217";"Canada_4917"
"7218";"France_4609"
"7219";"Australia_7324"
"7220";"Australia_7680"
"7221";"Japan_8013"
"7222";"India_2131"
"7223";"Australia_4377"
"7224";"Brazil_9984"
"7225";"France_6306"
"7226";"Australia_2969"
"7227";"UK_8661"
"7228";"France_2847"
"7229";"Australia_3153"
"7230";"India_7277"
"7231";"Canada_1889"
"7232";"China_6411"
"7233";"Japan_5808"
"7234";"Japan_7652"
"7235";"Japan_3117"
"7236";"USA_8367"
"7237";"China_4932"
"7238";"Brazil_9396"
"7239";"USA_8149"
"7240";"Japan_7272"
"7241";"Japan_1839"
"7242";"France_5487"
"7243";"Brazil_6708"
"7244";"Japan_6081"
"7245";"China_1172"
"7246";"Brazil_3542"
"7247";"Brazil_2752"
"7248";"France_2413"
"7249";"USA_3087"
"7250";"China_9939"
"7251";"China_8056"
"7252";"Japan_9613"
"7253";"China_2154"
"7254";"Canada_8418"
"7255";"Australia_5558"
"7256";"Australia_2842"
"7257";"UK_3979"
"7258";"Japan_5029"
"7259";"USA_5739"
"7260";"USA_9792"
"7261";"France_8401"
"7262";"Germany_8495"
"7263";"China_4806"
"7264";"China_5866"
"7265";"Germany_5197"
"7266";"India_9949"
"7267";"China_7268"
"7268";"Canada_3557"
"7269";"France_2183"
"7270";"Brazil_9456"
"7271";"India_7018"
"7272";"India_3247"
"7273";"India_7528"
"7274";"Australia_5817"
"7275";"Japan_6768"
"7276";"Canada_4256"
"7277";"India_1946"
"7278";"Germany_7686"
"7279";"Germany_2523"
"7280";"Germany_5775"
"7281";"Germany_6023"
"7282";"France_8461"
"7283";"Japan_7561"
"7284";"China_4511"
"7285";"Brazil_8657"
"7286";"Brazil_6894"
"7287";"China_8084"
"7288";"Japan_1548"
"7289";"Canada_1660"
"7290";"Japan_8611"
"7291";"Australia_4671"
"7292";"Brazil_2254"
"7293";"India_9792"
"7294";"Japan_3776"
"7295";"France_1613"
"7296";"France_5665"
"7297";"UK_3132"
"7298";"Australia_8524"
"7299";"Canada_7779"
"7300";"India_8090"
"7301";"UK_2709"
"7302";"Canada_5665"
"7303";"UK_2251"
"7304";"Brazil_9796"
"7305";"Canada_3865"
"7306";"Brazil_3273"
"7307";"China_9412"
"7308";"Germany_5376"
"7309";"India_8446"
"7310";"UK_4095"
"7311";"Brazil_1795"
"7312";"UK_6262"
"7313";"India_3816"
"7314";"France_7147"
"7315";"Brazil_2457"
"7316";"Canada_9356"
"7317";"China_2668"
"7318";"France_2489"
"7319";"USA_5275"
"7320";"China_5837"
"7321";"Australia_9422"
"7322";"China_9486"
"7323";"Germany_5446"
"7324";"India_9096"
"7325";"Canada_6814"
"7326";"Germany_2614"
"7327";"Japan_6342"
"7328";"India_6984"
"7329";"India_3626"
"7330";"Canada_6031"
"7331";"UK_9968"
"7332";"USA_9120"
"7333";"UK_2575"
"7334";"UK_2844"
"7335";"USA_3865"
"7336";"India_2848"
"7337";"UK_1333"
"7338";"Australia_8705"
"7339";"USA_9390"
"7340";"Australia_1073"
"7341";"UK_7882"
"7342";"UK_5102"
"7343";"Germany_8002"
"7344";"Japan_7128"
"7345";"France_9418"
"7346";"Brazil_6800"
"7347";"France_8435"
"7348";"Germany_9074"
"7349";"India_6498"
"7350";"Brazil_5802"
"7351";"India_6765"
"7352";"India_4327"
"7353";"Japan_3335"
"7354";"Canada_6433"
"7355";"USA_2203"
"7356";"USA_1971"
"7357";"Canada_8626"
"7358";"France_2156"
"7359";"India_8330"
"7360";"UK_3868"
"7361";"China_7521"
"7362";"Germany_9104"
"7363";"Canada_6295"
"7364";"USA_1678"
"7365";"Brazil_2222"
"7366";"India_9115"
"7367";"Australia_9190"
"7368";"France_2585"
"7369";"USA_2400"
"7370";"Australia_4341"
"7371";"China_6885"
"7372";"India_1744"
"7373";"Australia_7171"
"7374";"Canada_3554"
"7375";"Japan_3000"
"7376";"Canada_7018"
"7377";"France_7342"
"7378";"Brazil_4334"
"7379";"USA_7276"
"7380";"India_9243"
"7381";"France_2131"
"7382";"UK_2316"
"7383";"India_6823"
"7384";"USA_9799"
"7385";"Australia_7772"
"7386";"China_5477"
"7387";"Canada_7125"
"7388";"Japan_5084"
"7389";"USA_5477"
"7390";"UK_4317"
"7391";"UK_5733"
"7392";"Brazil_7081"
"7393";"Brazil_1946"
"7394";"India_9248"
"7395";"Germany_5194"
"7396";"India_6460"
"7397";"India_3996"
"7398";"France_8789"
"7399";"Japan_5038"
"7400";"Germany_7628"
"7401";"Germany_9600"
"7402";"Germany_5749"
"7403";"Canada_4829"
"7404";"France_4023"
"7405";"USA_5982"
"7406";"Germany_5461"
"7407";"USA_4921"
"7408";"Japan_8360"
"7409";"Canada_6554"
"7410";"Germany_4289"
"7411";"Germany_4505"
"7412";"Germany_2002"
"7413";"USA_6498"
"7414";"Germany_6454"
"7415";"France_1139"
"7416";"Australia_8560"
"7417";"India_8387"
"7418";"Brazil_1330"
"7419";"Germany_3790"
"7420";"India_6041"
"7421";"France_8670"
"7422";"China_2369"
"7423";"France_2993"
"7424";"France_8541"
"7425";"Japan_9358"
"7426";"France_1939"
"7427";"China_6626"
"7428";"China_9439"
"7429";"Germany_2712"
"7430";"China_2584"
"7431";"Japan_6692"
"7432";"Canada_4891"
"7433";"Australia_5717"
"7434";"France_1602"
"7435";"China_5986"
"7436";"France_9315"
"7437";"India_6111"
"7438";"Japan_5279"
"7439";"Germany_9303"
"7440";"Canada_3244"
"7441";"Japan_4922"
"7442";"Canada_1321"
"7443";"Australia_7809"
"7444";"Japan_1477"
"7445";"Canada_2785"
"7446";"USA_3626"
"7447";"UK_7827"
"7448";"India_8093"
"7449";"UK_2332"
"7450";"India_7477"
"7451";"France_4079"
"7452";"Canada_1211"
"7453";"Germany_4311"
"7454";"Australia_8005"
"7455";"China_5295"
"7456";"India_1568"
"7457";"India_9147"
"7458";"Germany_6685"
"7459";"China_8687"
"7460";"India_5900"
"7461";"Japan_6929"
"7462";"Australia_6543"
"7463";"USA_7964"
"7464";"Germany_2441"
"7465";"Australia_1708"
"7466";"Germany_1483"
"7467";"Brazil_3815"
"7468";"Brazil_5138"
"7469";"Japan_9289"
"7470";"Japan_4250"
"7471";"UK_6150"
"7472";"India_6607"
"7473";"UK_7183"
"7474";"China_5026"
"7475";"USA_3846"
"7476";"USA_9837"
"7477";"Australia_8305"
"7478";"India_6261"
"7479";"UK_8218"
"7480";"Canada_9790"
"7481";"India_4057"
"7482";"France_6986"
"7483";"China_6230"
"7484";"China_1490"
"7485";"UK_8245"
"7486";"India_8250"
"7487";"Brazil_1550"
"7488";"Japan_9196"
"7489";"Japan_7775"
"7490";"Japan_1978"
"7491";"France_3609"
"7492";"Brazil_5763"
"7493";"India_5033"
"7494";"Canada_7769"
"7495";"USA_3316"
"7496";"UK_2085"
"7497";"Japan_9784"
"7498";"Brazil_5128"
"7499";"Japan_9379"
"7500";"Japan_6063"
"7501";"China_3783"
"7502";"USA_8325"
"7503";"Japan_7134"
"7504";"France_6618"
"7505";"France_7549"
"7506";"India_2873"
"7507";"Brazil_4641"
"7508";"Japan_8330"
"7509";"Canada_8507"
"7510";"Germany_5663"
"7511";"Australia_4039"
"7512";"France_7777"
"7513";"USA_3421"
"7514";"India_4004"
"7515";"France_9299"
"7516";"Brazil_5653"
"7517";"India_5721"
"7518";"France_3833"
"7519";"Brazil_3334"
"7520";"China_1858"
"7521";"USA_5300"
"7522";"UK_2987"
"7523";"Australia_9046"
"7524";"France_1005"
"7525";"Australia_9687"
"7526";"Japan_4006"
"7527";"China_6938"
"7528";"USA_5779"
"7529";"Australia_2358"
"7530";"China_1797"
"7531";"Australia_3926"
"7532";"Japan_4418"
"7533";"Brazil_3614"
"7534";"China_1909"
"7535";"USA_3757"
"7536";"USA_9209"
"7537";"India_6163"
"7538";"Japan_7215"
"7539";"Germany_9625"
"7540";"France_9951"
"7541";"Canada_3452"
"7542";"Japan_3031"
"7543";"Australia_8516"
"7544";"Canada_8534"
"7545";"Australia_4501"
"7546";"Brazil_8726"
"7547";"Brazil_8281"
"7548";"Germany_6820"
"7549";"UK_1052"
"7550";"India_3618"
"7551";"Canada_5270"
"7552";"France_4584"
"7553";"Canada_3668"
"7554";"France_1444"
"7555";"Germany_3428"
"7556";"Brazil_7146"
"7557";"China_5927"
"7558";"France_3294"
"7559";"France_9260"
"7560";"UK_2303"
"7561";"China_5412"
"7562";"India_1112"
"7563";"China_8418"
"7564";"Brazil_5936"
"7565";"Australia_1027"
"7566";"India_2102"
"7567";"France_3697"
"7568";"Brazil_6322"
"7569";"Canada_5850"
"7570";"UK_9266"
"7571";"Brazil_6412"
"7572";"Australia_2441"
"7573";"Japan_6669"
"7574";"Canada_5740"
"7575";"China_4050"
"7576";"Australia_7290"
"7577";"Germany_3074"
"7578";"China_1795"
"7579";"USA_6445"
"7580";"France_7310"
"7581";"UK_8892"
"7582";"Australia_4168"
"7583";"France_8171"
"7584";"Canada_9731"
"7585";"India_3362"
"7586";"Canada_3300"
"7587";"Japan_5445"
"7588";"France_1768"
"7589";"Brazil_2586"
"7590";"Canada_6231"
"7591";"Canada_5127"
"7592";"France_5326"
"7593";"Japan_1050"
"7594";"UK_8031"
"7595";"India_8135"
"7596";"Brazil_1288"
"7597";"France_5257"
"7598";"Brazil_7303"
"7599";"India_1453"
"7600";"USA_6878"
"7601";"China_9617"
"7602";"Germany_3817"
"7603";"Canada_3980"
"7604";"Brazil_5269"
"7605";"Japan_1294"
"7606";"India_4178"
"7607";"Germany_4737"
"7608";"France_7405"
"7609";"China_8073"
"7610";"France_5752"
"7611";"UK_9624"
"7612";"India_5093"
"7613";"India_1159"
"7614";"Brazil_3190"
"7615";"Japan_5183"
"7616";"Germany_6767"
"7617";"UK_9933"
"7618";"India_1834"
"7619";"Germany_8442"
"7620";"Brazil_8903"
"7621";"China_3187"
"7622";"Brazil_7435"
"7623";"UK_4582"
"7624";"Canada_2156"
"7625";"Brazil_8731"
"7626";"China_2479"
"7627";"France_4536"
"7628";"Canada_9883"
"7629";"Canada_2956"
"7630";"Australia_3229"
"7631";"India_7744"
"7632";"Germany_1085"
"7633";"Japan_4926"
"7634";"USA_2829"
"7635";"China_9428"
"7636";"France_9680"
"7637";"USA_9066"
"7638";"India_4142"
"7639";"China_6099"
"7640";"Japan_6603"
"7641";"USA_7580"
"7642";"Canada_3594"
"7643";"France_9078"
"7644";"Brazil_5128"
"7645";"Brazil_6747"
"7646";"China_1043"
"7647";"Japan_4102"
"7648";"China_5562"
"7649";"Germany_5762"
"7650";"Germany_5421"
"7651";"Canada_6149"
"7652";"Canada_5050"
"7653";"France_4610"
"7654";"Australia_6148"
"7655";"China_3322"
"7656";"UK_7798"
"7657";"India_1266"
"7658";"UK_7877"
"7659";"UK_3275"
"7660";"France_9343"
"7661";"India_4040"
"7662";"Japan_1679"
"7663";"France_4537"
"7664";"Australia_8108"
"7665";"China_5224"
"7666";"India_8292"
"7667";"UK_2532"
"7668";"India_9494"
"7669";"Germany_4599"
"7670";"Japan_1948"
"7671";"France_4626"
"7672";"Australia_7366"
"7673";"Australia_8329"
"7674";"UK_1963"
"7675";"Brazil_7337"
"7676";"USA_4743"
"7677";"China_6083"
"7678";"France_9897"
"7679";"Australia_7306"
"7680";"France_4735"
"7681";"France_6212"
"7682";"Canada_3420"
"7683";"China_9074"
"7684";"Canada_6632"
"7685";"Australia_8349"
"7686";"India_8941"
"7687";"Canada_4754"
"7688";"Germany_9856"
"7689";"France_9482"
"7690";"UK_1462"
"7691";"Australia_5443"
"7692";"Germany_9270"
"7693";"USA_1140"
"7694";"Japan_1229"
"7695";"Canada_4092"
"7696";"Brazil_3697"
"7697";"UK_6421"
"7698";"Australia_7729"
"7699";"Brazil_8073"
"7700";"France_2826"
"7701";"Germany_8036"
"7702";"Germany_1264"
"7703";"China_5698"
"7704";"Germany_6881"
"7705";"UK_7460"
"7706";"China_7814"
"7707";"Germany_9333"
"7708";"Australia_8008"
"7709";"UK_5157"
"7710";"Germany_7917"
"7711";"France_5022"
"7712";"France_6158"
"7713";"USA_8817"
"7714";"UK_4102"
"7715";"China_7593"
"7716";"Germany_8349"
"7717";"Brazil_9309"
"7718";"UK_2730"
"7719";"UK_4095"
"7720";"China_8247"
"7721";"China_2845"
"7722";"Brazil_6831"
"7723";"Japan_5192"
"7724";"Canada_1179"
"7725";"Canada_2681"
"7726";"USA_4336"
"7727";"Canada_4249"
"7728";"UK_5714"
"7729";"Brazil_7332"
"7730";"UK_6893"
"7731";"Germany_1989"
"7732";"Australia_2749"
"7733";"India_7336"
"7734";"Australia_6651"
"7735";"India_6341"
"7736";"Japan_6634"
"7737";"India_5984"
"7738";"France_8986"
"7739";"UK_8890"
"7740";"Japan_7044"
"7741";"Australia_8819"
"7742";"Canada_5177"
"7743";"Japan_9989"
"7744";"UK_8199"
"7745";"USA_2882"
"7746";"Japan_7968"
"7747";"Brazil_8465"
"7748";"Japan_8127"
"7749";"UK_6236"
"7750";"UK_9344"
"7751";"Brazil_4425"
"7752";"Germany_8987"
"7753";"Canada_4922"
"7754";"France_3650"
"7755";"UK_7054"
"7756";"Japan_2174"
"7757";"China_4833"
"7758";"Brazil_9255"
"7759";"India_6365"
"7760";"China_1638"
"7761";"India_9846"
"7762";"China_1332"
"7763";"China_8708"
"7764";"UK_9459"
"7765";"UK_2363"
"7766";"China_4767"
"7767";"China_6308"
"7768";"Japan_4958"
"7769";"Canada_1433"
"7770";"Germany_9616"
"7771";"France_7800"
"7772";"Canada_7673"
"7773";"USA_3590"
"7774";"USA_8160"
"7775";"France_5735"
"7776";"Brazil_8530"
"7777";"France_2468"
"7778";"Canada_6114"
"7779";"Canada_3965"
"7780";"India_2316"
"7781";"Japan_8318"
"7782";"USA_2199"
"7783";"Australia_2934"
"7784";"USA_8963"
"7785";"USA_8900"
"7786";"India_7425"
"7787";"Australia_6981"
"7788";"Canada_2824"
"7789";"Canada_8828"
"7790";"Germany_7314"
"7791";"USA_5515"
"7792";"USA_2972"
"7793";"Japan_6833"
"7794";"Canada_4088"
"7795";"UK_7181"
"7796";"Japan_9644"
"7797";"UK_1608"
"7798";"Australia_6766"
"7799";"India_6084"
"7800";"France_9702"
"7801";"Canada_3590"
"7802";"China_7898"
"7803";"Japan_9747"
"7804";"Brazil_6111"
"7805";"USA_1388"
"7806";"China_7373"
"7807";"Canada_1601"
"7808";"Japan_9068"
"7809";"Japan_4896"
"7810";"Canada_2415"
"7811";"UK_1823"
"7812";"China_3911"
"7813";"Germany_3912"
"7814";"Canada_3133"
"7815";"Germany_6330"
"7816";"France_2080"
"7817";"Brazil_9548"
"7818";"USA_9706"
"7819";"Australia_8487"
"7820";"USA_1900"
"7821";"USA_4716"
"7822";"Japan_9518"
"7823";"Brazil_3409"
"7824";"Brazil_6100"
"7825";"Canada_4231"
"7826";"USA_7500"
"7827";"USA_5416"
"7828";"India_8403"
"7829";"UK_2923"
"7830";"Canada_6916"
"7831";"France_6099"
"7832";"Australia_8633"
"7833";"Australia_1145"
"7834";"USA_7062"
"7835";"UK_6875"
"7836";"Germany_4079"
"7837";"Australia_6636"
"7838";"USA_8368"
"7839";"Japan_9269"
"7840";"France_1802"
"7841";"China_4817"
"7842";"UK_3320"
"7843";"France_1730"
"7844";"Japan_2990"
"7845";"India_5240"
"7846";"Canada_9655"
"7847";"UK_1286"
"7848";"Canada_9543"
"7849";"USA_7748"
"7850";"Australia_7325"
"7851";"Australia_6445"
"7852";"UK_2535"
"7853";"Brazil_8168"
"7854";"Australia_6384"
"7855";"China_2788"
"7856";"France_4513"
"7857";"USA_6657"
"7858";"Japan_4869"
"7859";"USA_5600"
"7860";"India_8594"
"7861";"UK_4891"
"7862";"USA_6586"
"7863";"France_9128"
"7864";"Brazil_6165"
"7865";"Canada_7991"
"7866";"UK_6350"
"7867";"India_3738"
"7868";"Germany_4868"
"7869";"China_4850"
"7870";"UK_3352"
"7871";"France_2041"
"7872";"Brazil_8622"
"7873";"China_1458"
"7874";"India_4107"
"7875";"Germany_1909"
"7876";"Canada_8322"
"7877";"Australia_5942"
"7878";"France_2012"
"7879";"UK_2742"
"7880";"Canada_6993"
"7881";"France_9199"
"7882";"Brazil_3847"
"7883";"USA_8306"
"7884";"Japan_6197"
"7885";"India_6993"
"7886";"India_5107"
"7887";"India_7106"
"7888";"Australia_8042"
"7889";"Brazil_7847"
"7890";"Australia_4722"
"7891";"India_1106"
"7892";"UK_5516"
"7893";"China_4850"
"7894";"China_6522"
"7895";"China_8273"
"7896";"Brazil_8484"
"7897";"Japan_5743"
"7898";"Brazil_5771"
"7899";"USA_3958"
"7900";"India_5268"
"7901";"India_1484"
"7902";"UK_7786"
"7903";"Brazil_8590"
"7904";"China_3129"
"7905";"UK_9156"
"7906";"China_1800"
"7907";"USA_5794"
"7908";"USA_3893"
"7909";"India_3835"
"7910";"Germany_1835"
"7911";"Canada_9343"
"7912";"UK_8008"
"7913";"USA_5076"
"7914";"China_6371"
"7915";"Japan_3365"
"7916";"Germany_6597"
"7917";"Japan_5068"
"7918";"Canada_9923"
"7919";"USA_7923"
"7920";"Germany_7235"
"7921";"Canada_3155"
"7922";"Germany_3838"
"7923";"Australia_8540"
"7924";"USA_1714"
"7925";"India_9720"
"7926";"China_7247"
"7927";"Australia_5230"
"7928";"Germany_7151"
"7929";"USA_7799"
"7930";"Canada_2833"
"7931";"USA_1647"
"7932";"UK_5796"
"7933";"Brazil_5302"
"7934";"UK_3573"
"7935";"France_2172"
"7936";"Brazil_9112"
"7937";"UK_9595"
"7938";"UK_1306"
"7939";"Canada_1464"
"7940";"France_7073"
"7941";"Japan_4216"
"7942";"China_7449"
"7943";"Australia_4600"
"7944";"India_2363"
"7945";"France_3498"
"7946";"China_9192"
"7947";"Australia_8184"
"7948";"India_9762"
"7949";"Japan_3828"
"7950";"Japan_2885"
"7951";"USA_2360"
"7952";"Canada_9883"
"7953";"India_4540"
"7954";"China_6309"
"7955";"Japan_7016"
"7956";"Canada_4533"
"7957";"USA_4981"
"7958";"Brazil_8849"
"7959";"Brazil_6303"
"7960";"Germany_4130"
"7961";"Germany_3746"
"7962";"USA_7014"
"7963";"UK_9547"
"7964";"China_1269"
"7965";"Brazil_1194"
"7966";"Japan_2264"
"7967";"China_5274"
"7968";"India_7827"
"7969";"Japan_2261"
"7970";"Japan_8519"
"7971";"Canada_6520"
"7972";"Australia_2219"
"7973";"Germany_1478"
"7974";"China_8121"
"7975";"France_5995"
"7976";"India_4826"
"7977";"India_1739"
"7978";"USA_7621"
"7979";"India_3140"
"7980";"UK_9077"
"7981";"China_9212"
"7982";"Australia_3338"
"7983";"USA_7521"
"7984";"Australia_4855"
"7985";"USA_6568"
"7986";"France_9108"
"7987";"Brazil_5933"
"7988";"USA_3759"
"7989";"UK_9031"
"7990";"France_2758"
"7991";"Canada_7134"
"7992";"Japan_2725"
"7993";"India_5567"
"7994";"Germany_9262"
"7995";"USA_8885"
"7996";"India_4464"
"7997";"UK_4853"
"7998";"Australia_7034"
"7999";"USA_8981"
"8000";"Brazil_8335"
"8001";"Australia_5549"
"8002";"Australia_3411"
"8003";"Canada_5877"
"8004";"UK_8972"
"8005";"China_9583"
"8006";"Japan_2338"
"8007";"UK_3177"
"8008";"Australia_3327"
"8009";"USA_7615"
"8010";"Australia_6746"
"8011";"India_5649"
"8012";"Australia_1627"
"8013";"Australia_7080"
"8014";"Canada_2877"
"8015";"Australia_8953"
"8016";"France_9220"
"8017";"India_4605"
"8018";"UK_4524"
"8019";"Canada_8506"
"8020";"France_3898"
"8021";"UK_6510"
"8022";"Australia_7615"
"8023";"China_5091"
"8024";"India_1198"
"8025";"Brazil_3945"
"8026";"India_1178"
"8027";"India_4878"
"8028";"Brazil_1096"
"8029";"Germany_3916"
"8030";"Canada_1539"
"8031";"Japan_3009"
"8032";"India_7323"
"8033";"Canada_4056"
"8034";"Brazil_2166"
"8035";"USA_4647"
"8036";"France_5801"
"8037";"India_5401"
"8038";"Australia_5415"
"8039";"Canada_9287"
"8040";"China_1721"
"8041";"India_3128"
"8042";"Brazil_7951"
"8043";"USA_5913"
"8044";"Canada_4795"
"8045";"Germany_1886"
"8046";"India_1686"
"8047";"USA_6070"
"8048";"Australia_1153"
"8049";"India_3287"
"8050";"India_7086"
"8051";"USA_6048"
"8052";"Germany_6149"
"8053";"France_8393"
"8054";"France_5143"
"8055";"France_4174"
"8056";"USA_6028"
"8057";"Germany_4976"
"8058";"UK_4290"
"8059";"India_9727"
"8060";"Brazil_2211"
"8061";"Canada_8479"
"8062";"Germany_6206"
"8063";"Japan_5602"
"8064";"Japan_5589"
"8065";"China_1780"
"8066";"Canada_1519"
"8067";"Germany_3854"
"8068";"India_5562"
"8069";"Canada_7993"
"8070";"USA_2810"
"8071";"Japan_8453"
"8072";"India_9317"
"8073";"Australia_1952"
"8074";"Germany_7249"
"8075";"Canada_3160"
"8076";"Germany_3808"
"8077";"Australia_7906"
"8078";"Brazil_7952"
"8079";"Germany_7934"
"8080";"France_7178"
"8081";"Japan_1992"
"8082";"Japan_9254"
"8083";"Japan_4905"
"8084";"Canada_9903"
"8085";"USA_9016"
"8086";"UK_1189"
"8087";"Canada_4443"
"8088";"India_1726"
"8089";"Canada_1804"
"8090";"Japan_9743"
"8091";"UK_6885"
"8092";"France_7138"
"8093";"Brazil_1653"
"8094";"Brazil_3164"
"8095";"France_9246"
"8096";"UK_3207"
"8097";"Canada_4723"
"8098";"Australia_6885"
"8099";"USA_7302"
"8100";"USA_4787"
"8101";"China_7228"
"8102";"India_4259"
"8103";"France_6881"
"8104";"Japan_2412"
"8105";"UK_1903"
"8106";"China_5461"
"8107";"Canada_5637"
"8108";"UK_3960"
"8109";"China_6513"
"8110";"UK_7106"
"8111";"Japan_4411"
"8112";"Brazil_1862"
"8113";"UK_4681"
"8114";"Canada_9192"
"8115";"Brazil_6517"
"8116";"Germany_5108"
"8117";"UK_2405"
"8118";"India_8725"
"8119";"India_9134"
"8120";"Canada_5028"
"8121";"France_4337"
"8122";"Canada_1151"
"8123";"Germany_9834"
"8124";"Japan_5502"
"8125";"Germany_7025"
"8126";"India_2958"
"8127";"UK_1977"
"8128";"Japan_1948"
"8129";"Germany_1230"
"8130";"China_5831"
"8131";"France_9730"
"8132";"Australia_6403"
"8133";"India_7080"
"8134";"India_4904"
"8135";"Brazil_2455"
"8136";"USA_2508"
"8137";"Germany_7558"
"8138";"Australia_4038"
"8139";"China_8702"
"8140";"UK_3007"
"8141";"Canada_5819"
"8142";"UK_2509"
"8143";"UK_4305"
"8144";"UK_5215"
"8145";"Japan_6353"
"8146";"USA_1779"
"8147";"UK_3619"
"8148";"China_7764"
"8149";"France_6952"
"8150";"France_8222"
"8151";"Australia_3651"
"8152";"Germany_4376"
"8153";"France_5291"
"8154";"Brazil_7144"
"8155";"UK_7121"
"8156";"France_8009"
"8157";"Canada_7083"
"8158";"China_8508"
"8159";"Brazil_7904"
"8160";"Canada_1615"
"8161";"France_4553"
"8162";"Germany_8972"
"8163";"USA_3488"
"8164";"Brazil_3542"
"8165";"UK_8899"
"8166";"France_2208"
"8167";"India_6870"
"8168";"Canada_2666"
"8169";"Canada_6829"
"8170";"France_6767"
"8171";"Japan_4120"
"8172";"China_8378"
"8173";"China_5114"
"8174";"UK_3766"
"8175";"China_7525"
"8176";"Germany_1081"
"8177";"China_6824"
"8178";"India_2934"
"8179";"UK_3332"
"8180";"Australia_9901"
"8181";"Brazil_5147"
"8182";"Japan_8687"
"8183";"Australia_1740"
"8184";"Germany_8879"
"8185";"USA_9047"
"8186";"USA_1991"
"8187";"India_1401"
"8188";"UK_8707"
"8189";"Canada_8828"
"8190";"Germany_8380"
"8191";"Japan_7763"
"8192";"Brazil_9084"
"8193";"UK_3734"
"8194";"France_7194"
"8195";"Brazil_4083"
"8196";"India_3842"
"8197";"Australia_9260"
"8198";"Germany_6357"
"8199";"France_1444"
"8200";"France_6240"
"8201";"Canada_6560"
"8202";"Canada_5477"
"8203";"Japan_9039"
"8204";"Germany_5456"
"8205";"USA_4311"
"8206";"Australia_5810"
"8207";"Japan_8603"
"8208";"USA_3165"
"8209";"China_9712"
"8210";"Japan_3052"
"8211";"Canada_6591"
"8212";"Australia_7760"
"8213";"China_7124"
"8214";"India_2529"
"8215";"China_1930"
"8216";"Australia_4920"
"8217";"USA_4117"
"8218";"Australia_6937"
"8219";"Canada_4767"
"8220";"Canada_1139"
"8221";"Australia_5735"
"8222";"Japan_8721"
"8223";"Canada_6098"
"8224";"USA_1378"
"8225";"China_7303"
"8226";"Canada_9360"
"8227";"India_4126"
"8228";"Japan_3154"
"8229";"Canada_4788"
"8230";"Germany_8600"
"8231";"UK_3315"
"8232";"Germany_3586"
"8233";"Canada_2295"
"8234";"USA_2337"
"8235";"Australia_5750"
"8236";"Germany_7227"
"8237";"India_4559"
"8238";"Japan_3587"
"8239";"Australia_9131"
"8240";"Germany_6207"
"8241";"France_8750"
"8242";"China_2395"
"8243";"France_2767"
"8244";"Australia_4014"
"8245";"France_6368"
"8246";"Germany_3879"
"8247";"Australia_7396"
"8248";"France_6607"
"8249";"Germany_4982"
"8250";"Brazil_8199"
"8251";"France_2953"
"8252";"France_9314"
"8253";"India_6404"
"8254";"China_1849"
"8255";"USA_4508"
"8256";"France_6021"
"8257";"USA_1821"
"8258";"UK_7420"
"8259";"France_7591"
"8260";"UK_5456"
"8261";"Japan_8349"
"8262";"USA_1533"
"8263";"UK_7987"
"8264";"UK_2958"
"8265";"Australia_2321"
"8266";"Japan_8485"
"8267";"USA_5335"
"8268";"Brazil_7006"
"8269";"Brazil_4101"
"8270";"USA_5876"
"8271";"Australia_2736"
"8272";"Brazil_8103"
"8273";"Australia_3341"
"8274";"Australia_8551"
"8275";"Canada_6406"
"8276";"Australia_8760"
"8277";"Australia_9788"
"8278";"UK_8143"
"8279";"USA_3622"
"8280";"India_4531"
"8281";"Brazil_8506"
"8282";"China_3838"
"8283";"Canada_5379"
"8284";"France_4662"
"8285";"Australia_4176"
"8286";"Brazil_1397"
"8287";"China_6951"
"8288";"India_2512"
"8289";"China_3173"
"8290";"UK_1687"
"8291";"France_3490"
"8292";"Brazil_6138"
"8293";"Canada_4211"
"8294";"USA_6776"
"8295";"China_9839"
"8296";"France_8972"
"8297";"China_9921"
"8298";"China_8758"
"8299";"India_5109"
"8300";"Canada_9254"
"8301";"Brazil_3842"
"8302";"USA_7713"
"8303";"Australia_3986"
"8304";"China_6324"
"8305";"Brazil_3287"
"8306";"Brazil_5539"
"8307";"UK_3661"
"8308";"France_1716"
"8309";"Japan_8663"
"8310";"Germany_5151"
"8311";"India_1916"
"8312";"Canada_8047"
"8313";"Canada_9651"
"8314";"India_2946"
"8315";"India_5113"
"8316";"Canada_7642"
"8317";"India_9194"
"8318";"Germany_6907"
"8319";"Brazil_3491"
"8320";"Brazil_4172"
"8321";"Canada_2858"
"8322";"Canada_7754"
"8323";"UK_4611"
"8324";"Canada_8835"
"8325";"China_9361"
"8326";"France_8343"
"8327";"France_2269"
"8328";"USA_4026"
"8329";"Canada_2077"
"8330";"UK_3239"
"8331";"Germany_6844"
"8332";"Brazil_1885"
"8333";"India_1226"
"8334";"UK_6331"
"8335";"USA_1266"
"8336";"Japan_3084"
"8337";"USA_2210"
"8338";"USA_5234"
"8339";"Brazil_7570"
"8340";"USA_6728"
"8341";"Japan_5712"
"8342";"France_2970"
"8343";"Germany_5033"
"8344";"UK_5905"
"8345";"China_3900"
"8346";"Canada_2962"
"8347";"Australia_3176"
"8348";"India_6693"
"8349";"UK_8594"
"8350";"Australia_4043"
"8351";"France_8473"
"8352";"Germany_7603"
"8353";"Australia_5198"
"8354";"Australia_3343"
"8355";"Australia_7738"
"8356";"Brazil_8934"
"8357";"UK_1114"
"8358";"Canada_3756"
"8359";"China_7340"
"8360";"Australia_6672"
"8361";"USA_6717"
"8362";"Brazil_4571"
"8363";"Germany_8396"
"8364";"UK_1401"
"8365";"France_5060"
"8366";"China_2542"
"8367";"China_2753"
"8368";"China_2431"
"8369";"France_3414"
"8370";"Japan_7002"
"8371";"Canada_3313"
"8372";"France_8927"
"8373";"Brazil_4800"
"8374";"Japan_1855"
"8375";"Germany_1048"
"8376";"Japan_3219"
"8377";"Canada_6735"
"8378";"Australia_9002"
"8379";"Australia_2429"
"8380";"Japan_1128"
"8381";"UK_8575"
"8382";"Canada_8783"
"8383";"Germany_8710"
"8384";"Brazil_5446"
"8385";"India_7097"
"8386";"Canada_4826"
"8387";"Canada_9833"
"8388";"USA_8389"
"8389";"Japan_7899"
"8390";"Brazil_2591"
"8391";"USA_5144"
"8392";"China_2410"
"8393";"Japan_8509"
"8394";"USA_4979"
"8395";"Japan_9035"
"8396";"France_9848"
"8397";"Australia_6803"
"8398";"Canada_4626"
"8399";"Canada_8683"
"8400";"Japan_6335"
"8401";"India_6218"
"8402";"Japan_7135"
"8403";"Australia_7600"
"8404";"France_8193"
"8405";"USA_6276"
"8406";"Australia_9509"
"8407";"China_7188"
"8408";"Australia_5989"
"8409";"Brazil_4102"
"8410";"Australia_6047"
"8411";"Brazil_5975"
"8412";"Canada_5100"
"8413";"Japan_7133"
"8414";"France_8640"
"8415";"France_9957"
"8416";"Germany_3433"
"8417";"UK_2622"
"8418";"UK_9926"
"8419";"Canada_2992"
"8420";"Australia_3519"
"8421";"Canada_3933"
"8422";"UK_7072"
"8423";"France_8979"
"8424";"Japan_7949"
"8425";"Brazil_7223"
"8426";"India_2699"
"8427";"China_4284"
"8428";"Germany_3113"
"8429";"China_2595"
"8430";"France_3285"
"8431";"France_3068"
"8432";"Australia_1740"
"8433";"Australia_5443"
"8434";"Germany_6756"
"8435";"UK_7380"
"8436";"China_7432"
"8437";"Canada_2782"
"8438";"USA_3978"
"8439";"India_5541"
"8440";"Canada_6492"
"8441";"Australia_1482"
"8442";"USA_5733"
"8443";"Canada_5597"
"8444";"UK_9750"
"8445";"USA_8887"
"8446";"UK_9103"
"8447";"China_2975"
"8448";"China_1610"
"8449";"USA_3821"
"8450";"Canada_4115"
"8451";"UK_7794"
"8452";"Brazil_3065"
"8453";"Germany_6086"
"8454";"Germany_7048"
"8455";"UK_7144"
"8456";"France_9316"
"8457";"Brazil_4714"
"8458";"France_5717"
"8459";"UK_3202"
"8460";"Australia_9394"
"8461";"Japan_5673"
"8462";"Japan_5240"
"8463";"France_3513"
"8464";"China_1592"
"8465";"UK_7640"
"8466";"China_4825"
"8467";"UK_4918"
"8468";"Australia_5019"
"8469";"USA_6115"
"8470";"Canada_8020"
"8471";"India_7340"
"8472";"Germany_4293"
"8473";"Australia_6503"
"8474";"India_3924"
"8475";"France_7032"
"8476";"China_8290"
"8477";"China_4226"
"8478";"France_5693"
"8479";"India_7141"
"8480";"Canada_3437"
"8481";"France_1037"
"8482";"Australia_6769"
"8483";"Canada_2287"
"8484";"India_9537"
"8485";"France_7628"
"8486";"USA_5099"
"8487";"Brazil_1232"
"8488";"Germany_4529"
"8489";"Germany_2968"
"8490";"Japan_6639"
"8491";"USA_9429"
"8492";"USA_2400"
"8493";"USA_5737"
"8494";"India_6412"
"8495";"Brazil_7200"
"8496";"China_7094"
"8497";"USA_6993"
"8498";"UK_6030"
"8499";"India_6632"
"8500";"UK_8746"
"8501";"Germany_7489"
"8502";"Canada_9588"
"8503";"USA_6770"
"8504";"UK_6348"
"8505";"Canada_5682"
"8506";"Brazil_5832"
"8507";"Canada_5671"
"8508";"UK_1273"
"8509";"Australia_9153"
"8510";"Australia_9460"
"8511";"China_7365"
"8512";"Germany_9793"
"8513";"Japan_2788"
"8514";"USA_9848"
"8515";"France_9022"
"8516";"China_1793"
"8517";"USA_6874"
"8518";"China_6468"
"8519";"Brazil_7036"
"8520";"Japan_3483"
"8521";"Germany_2852"
"8522";"Brazil_4839"
"8523";"China_3287"
"8524";"USA_9908"
"8525";"Germany_5669"
"8526";"USA_9545"
"8527";"Germany_4345"
"8528";"France_5649"
"8529";"India_5227"
"8530";"Australia_3487"
"8531";"Australia_1203"
"8532";"India_9478"
"8533";"China_7256"
"8534";"Australia_7562"
"8535";"France_6373"
"8536";"Australia_8040"
"8537";"UK_5397"
"8538";"France_3198"
"8539";"France_3197"
"8540";"Germany_4957"
"8541";"Brazil_2420"
"8542";"USA_1378"
"8543";"UK_4406"
"8544";"USA_8310"
"8545";"Germany_1245"
"8546";"Japan_2866"
"8547";"India_7247"
"8548";"Canada_3904"
"8549";"China_8950"
"8550";"USA_8927"
"8551";"India_8057"
"8552";"Japan_9755"
"8553";"Brazil_4830"
"8554";"France_3987"
"8555";"India_5279"
"8556";"India_1428"
"8557";"UK_6632"
"8558";"Canada_5164"
"8559";"France_2438"
"8560";"Canada_8846"
"8561";"France_2135"
"8562";"UK_5954"
"8563";"China_3910"
"8564";"Canada_2716"
"8565";"Canada_7421"
"8566";"China_8562"
"8567";"Brazil_5884"
"8568";"Canada_7740"
"8569";"UK_4110"
"8570";"UK_8438"
"8571";"Canada_6329"
"8572";"Australia_8319"
"8573";"USA_2101"
"8574";"Canada_1048"
"8575";"Canada_1016"
"8576";"Australia_9867"
"8577";"China_7335"
"8578";"Australia_5572"
"8579";"France_3857"
"8580";"Brazil_5146"
"8581";"Japan_9068"
"8582";"France_8977"
"8583";"Brazil_7955"
"8584";"Canada_7350"
"8585";"UK_5055"
"8586";"France_2904"
"8587";"France_9677"
"8588";"Canada_4736"
"8589";"Canada_2900"
"8590";"USA_3480"
"8591";"Brazil_4024"
"8592";"USA_9144"
"8593";"UK_2520"
"8594";"UK_1583"
"8595";"France_7406"
"8596";"Brazil_9468"
"8597";"Canada_5245"
"8598";"France_5454"
"8599";"China_2426"
"8600";"Japan_6012"
"8601";"UK_2390"
"8602";"Brazil_9311"
"8603";"UK_2403"
"8604";"Brazil_6861"
"8605";"China_9745"
"8606";"France_6408"
"8607";"Germany_7045"
"8608";"Brazil_4186"
"8609";"USA_7142"
"8610";"UK_8030"
"8611";"India_7300"
"8612";"Germany_3436"
"8613";"UK_8589"
"8614";"Germany_6279"
"8615";"Japan_6002"
"8616";"China_3539"
"8617";"India_4228"
"8618";"Japan_3476"
"8619";"Australia_1008"
"8620";"UK_5868"
"8621";"UK_3426"
"8622";"Germany_3285"
"8623";"India_4585"
"8624";"Brazil_3557"
"8625";"China_8328"
"8626";"Brazil_9226"
"8627";"UK_1346"
"8628";"Australia_5543"
"8629";"France_3214"
"8630";"France_2188"
"8631";"UK_3646"
"8632";"Japan_4580"
"8633";"India_9219"
"8634";"France_7945"
"8635";"Australia_4990"
"8636";"USA_5316"
"8637";"UK_2100"
"8638";"Brazil_1053"
"8639";"Germany_1115"
"8640";"Brazil_2705"
"8641";"Germany_5369"
"8642";"USA_5667"
"8643";"India_5363"
"8644";"Australia_5896"
"8645";"France_9755"
"8646";"Australia_6287"
"8647";"India_4658"
"8648";"UK_4932"
"8649";"Australia_6787"
"8650";"India_3575"
"8651";"Australia_6836"
"8652";"Australia_7720"
"8653";"China_4167"
"8654";"Japan_9698"
"8655";"India_2764"
"8656";"UK_1236"
"8657";"Australia_7612"
"8658";"France_7515"
"8659";"Brazil_2283"
"8660";"USA_2744"
"8661";"France_4596"
"8662";"Canada_8628"
"8663";"Japan_5567"
"8664";"China_1120"
"8665";"UK_7182"
"8666";"France_9383"
"8667";"Brazil_5650"
"8668";"UK_4912"
"8669";"USA_6476"
"8670";"Germany_6843"
"8671";"China_8743"
"8672";"India_5523"
"8673";"Germany_8258"
"8674";"Japan_8203"
"8675";"India_9545"
"8676";"France_8532"
"8677";"France_4207"
"8678";"India_3158"
"8679";"India_4138"
"8680";"China_5208"
"8681";"Canada_7706"
"8682";"India_9547"
"8683";"Japan_4040"
"8684";"China_8853"
"8685";"India_5844"
"8686";"France_4360"
"8687";"India_3243"
"8688";"India_4380"
"8689";"Brazil_9047"
"8690";"India_6472"
"8691";"Brazil_5543"
"8692";"UK_2072"
"8693";"Brazil_7493"
"8694";"USA_6717"
"8695";"Japan_6201"
"8696";"China_3361"
"8697";"UK_8057"
"8698";"USA_5839"
"8699";"USA_2426"
"8700";"Australia_2554"
"8701";"Brazil_8696"
"8702";"Japan_7245"
"8703";"France_5396"
"8704";"UK_1322"
"8705";"Germany_3566"
"8706";"UK_1862"
"8707";"France_3294"
"8708";"China_9830"
"8709";"Japan_4120"
"8710";"China_7823"
"8711";"France_3558"
"8712";"Brazil_6194"
"8713";"Canada_4664"
"8714";"Australia_5885"
"8715";"Japan_6834"
"8716";"Canada_4895"
"8717";"Australia_4506"
"8718";"UK_5557"
"8719";"China_2029"
"8720";"Australia_6553"
"8721";"UK_7240"
"8722";"China_6583"
"8723";"Brazil_5919"
"8724";"India_8228"
"8725";"China_4067"
"8726";"Germany_3219"
"8727";"Brazil_6571"
"8728";"Germany_5884"
"8729";"Canada_7661"
"8730";"Brazil_2613"
"8731";"Canada_7704"
"8732";"UK_5864"
"8733";"Brazil_6077"
"8734";"Australia_8687"
"8735";"Australia_2368"
"8736";"China_2821"
"8737";"Brazil_5279"
"8738";"UK_2917"
"8739";"Canada_7922"
"8740";"India_7275"
"8741";"Germany_3922"
"8742";"USA_9055"
"8743";"UK_1756"
"8744";"France_5875"
"8745";"India_5814"
"8746";"France_3604"
"8747";"China_7159"
"8748";"Canada_4589"
"8749";"USA_4759"
"8750";"China_4119"
"8751";"France_8436"
"8752";"Germany_6212"
"8753";"Japan_6103"
"8754";"Brazil_6051"
"8755";"Canada_6058"
"8756";"India_6642"
"8757";"UK_8686"
"8758";"Germany_6266"
"8759";"Japan_4885"
"8760";"Canada_9420"
"8761";"UK_9026"
"8762";"Japan_5713"
"8763";"Japan_9311"
"8764";"France_8499"
"8765";"Japan_5688"
"8766";"China_4585"
"8767";"Japan_8919"
"8768";"France_2199"
"8769";"India_6508"
"8770";"India_4872"
"8771";"UK_7003"
"8772";"Australia_8203"
"8773";"UK_2845"
"8774";"Canada_7231"
"8775";"Japan_3796"
"8776";"France_7046"
"8777";"China_9723"
"8778";"Germany_4328"
"8779";"Germany_3736"
"8780";"India_5035"
"8781";"India_8048"
"8782";"Brazil_8603"
"8783";"China_1028"
"8784";"Brazil_5117"
"8785";"Japan_6966"
"8786";"Germany_5300"
"8787";"UK_2024"
"8788";"Brazil_8752"
"8789";"China_4080"
"8790";"Australia_7747"
"8791";"Japan_2477"
"8792";"China_4343"
"8793";"France_6228"
"8794";"Canada_7250"
"8795";"Japan_9694"
"8796";"India_1938"
"8797";"France_3575"
"8798";"Brazil_5493"
"8799";"Brazil_9197"
"8800";"UK_8305"
"8801";"Australia_3022"
"8802";"USA_9690"
"8803";"Germany_3906"
"8804";"Canada_5007"
"8805";"Australia_5978"
"8806";"Japan_5533"
"8807";"Japan_6326"
"8808";"India_7404"
"8809";"Canada_2754"
"8810";"USA_3685"
"8811";"UK_9233"
"8812";"Japan_7266"
"8813";"Germany_9967"
"8814";"China_6990"
"8815";"USA_7100"
"8816";"UK_9003"
"8817";"Germany_8153"
"8818";"Germany_1890"
"8819";"India_7531"
"8820";"Japan_9089"
"8821";"Japan_5913"
"8822";"China_3554"
"8823";"India_5312"
"8824";"USA_5940"
"8825";"USA_2065"
"8826";"USA_3781"
"8827";"USA_8257"
"8828";"France_5858"
"8829";"UK_1000"
"8830";"Canada_2281"
"8831";"India_7347"
"8832";"Germany_2065"
"8833";"Canada_9125"
"8834";"China_1792"
"8835";"USA_5926"
"8836";"Canada_6471"
"8837";"Canada_6615"
"8838";"Canada_4457"
"8839";"USA_7145"
"8840";"UK_5648"
"8841";"Brazil_7010"
"8842";"Brazil_1355"
"8843";"China_7664"
"8844";"Australia_7421"
"8845";"Germany_9029"
"8846";"Canada_5763"
"8847";"UK_1245"
"8848";"Australia_7785"
"8849";"Japan_1709"
"8850";"Australia_7418"
"8851";"Australia_8567"
"8852";"India_6005"
"8853";"China_9997"
"8854";"China_9912"
"8855";"France_8350"
"8856";"Germany_6443"
"8857";"China_2279"
"8858";"Australia_3323"
"8859";"Canada_6633"
"8860";"Canada_6124"
"8861";"UK_2671"
"8862";"UK_4642"
"8863";"India_1161"
"8864";"UK_7276"
"8865";"Japan_1803"
"8866";"France_4781"
"8867";"Germany_2624"
"8868";"Germany_6821"
"8869";"UK_6985"
"8870";"France_8325"
"8871";"Australia_5317"
"8872";"Canada_8108"
"8873";"Canada_7205"
"8874";"Brazil_9928"
"8875";"France_6792"
"8876";"Japan_3701"
"8877";"France_9200"
"8878";"Brazil_6491"
"8879";"Germany_4526"
"8880";"Japan_9587"
"8881";"Brazil_6431"
"8882";"Australia_8902"
"8883";"Australia_3268"
"8884";"USA_8976"
"8885";"India_6130"
"8886";"China_8699"
"8887";"USA_2120"
"8888";"Canada_6988"
"8889";"China_5693"
"8890";"Germany_9273"
"8891";"USA_7950"
"8892";"France_4610"
"8893";"Australia_7044"
"8894";"Canada_2358"
"8895";"India_8399"
"8896";"UK_3364"
"8897";"Germany_6326"
"8898";"France_8931"
"8899";"Brazil_4751"
"8900";"Japan_9906"
"8901";"India_1447"
"8902";"Canada_1346"
"8903";"Germany_3557"
"8904";"UK_1474"
"8905";"Australia_4998"
"8906";"Canada_9705"
"8907";"India_4414"
"8908";"China_5535"
"8909";"Australia_2439"
"8910";"China_5539"
"8911";"USA_2283"
"8912";"Australia_2534"
"8913";"Brazil_9603"
"8914";"India_6656"
"8915";"Brazil_4048"
"8916";"USA_8001"
"8917";"Germany_7603"
"8918";"Germany_9448"
"8919";"Germany_3099"
"8920";"UK_9841"
"8921";"USA_6100"
"8922";"France_9334"
"8923";"India_5450"
"8924";"Australia_1558"
"8925";"Australia_7551"
"8926";"Germany_3445"
"8927";"Brazil_6501"
"8928";"Germany_2524"
"8929";"Japan_7451"
"8930";"Japan_1857"
"8931";"France_4223"
"8932";"Canada_9529"
"8933";"USA_8054"
"8934";"France_4259"
"8935";"USA_8447"
"8936";"France_5164"
"8937";"France_4105"
"8938";"India_4523"
"8939";"China_3992"
"8940";"France_8139"
"8941";"Canada_1728"
"8942";"France_4589"
"8943";"Germany_8641"
"8944";"India_5888"
"8945";"Japan_7098"
"8946";"Germany_9872"
"8947";"China_6690"
"8948";"India_2264"
"8949";"Japan_9818"
"8950";"Brazil_4159"
"8951";"USA_8661"
"8952";"China_1134"
"8953";"UK_6597"
"8954";"Australia_7150"
"8955";"Germany_4487"
"8956";"Germany_2904"
"8957";"Japan_5789"
"8958";"China_2866"
"8959";"China_2356"
"8960";"Germany_9971"
"8961";"France_6255"
"8962";"Australia_2111"
"8963";"Germany_1821"
"8964";"UK_6607"
"8965";"USA_1142"
"8966";"France_7244"
"8967";"Brazil_1368"
"8968";"China_5806"
"8969";"Germany_8004"
"8970";"Germany_9817"
"8971";"France_6494"
"8972";"France_8037"
"8973";"Australia_4260"
"8974";"China_8621"
"8975";"Brazil_8455"
"8976";"France_2055"
"8977";"India_7963"
"8978";"China_6796"
"8979";"Brazil_3473"
"8980";"Brazil_4820"
"8981";"France_6335"
"8982";"Canada_4992"
"8983";"Germany_1831"
"8984";"India_7876"
"8985";"China_7174"
"8986";"India_2423"
"8987";"Japan_8481"
"8988";"USA_4336"
"8989";"Australia_6055"
"8990";"Brazil_4023"
"8991";"Canada_3946"
"8992";"Brazil_2774"
"8993";"Germany_8197"
"8994";"France_4780"
"8995";"Germany_8056"
"8996";"Japan_2052"
"8997";"France_2483"
"8998";"Australia_1718"
"8999";"Germany_1295"
"9000";"Brazil_9141"
"9001";"USA_9039"
"9002";"USA_8476"
"9003";"Brazil_7693"
"9004";"USA_6885"
"9005";"China_7586"
"9006";"Germany_1167"
"9007";"China_7905"
"9008";"France_4704"
"9009";"Germany_9228"
"9010";"Canada_7003"
"9011";"Germany_5002"
"9012";"China_5016"
"9013";"UK_5294"
"9014";"Germany_1451"
"9015";"China_6920"
"9016";"India_1420"
"9017";"Canada_9715"
"9018";"USA_9810"
"9019";"Australia_8956"
"9020";"Australia_9876"
"9021";"UK_8055"
"9022";"India_1157"
"9023";"Brazil_3495"
"9024";"China_2002"
"9025";"USA_6587"
"9026";"France_8140"
"9027";"Australia_5390"
"9028";"Australia_2149"
"9029";"Japan_1321"
"9030";"USA_5773"
"9031";"Canada_7792"
"9032";"UK_6104"
"9033";"UK_9846"
"9034";"USA_6136"
"9035";"France_9985"
"9036";"Australia_8497"
"9037";"India_8584"
"9038";"India_5629"
"9039";"France_2699"
"9040";"Australia_9626"
"9041";"Brazil_5599"
"9042";"UK_1759"
"9043";"Japan_1029"
"9044";"India_3719"
"9045";"Australia_7409"
"9046";"France_8307"
"9047";"Canada_1158"
"9048";"Canada_1241"
"9049";"Germany_4167"
"9050";"Australia_5003"
"9051";"Australia_3568"
"9052";"Germany_4758"
"9053";"China_4302"
"9054";"Japan_2913"
"9055";"India_7634"
"9056";"Germany_1842"
"9057";"India_2296"
"9058";"Germany_9050"
"9059";"India_7286"
"9060";"Canada_2989"
"9061";"Australia_9221"
"9062";"Japan_4298"
"9063";"UK_7683"
"9064";"Brazil_8299"
"9065";"Japan_7533"
"9066";"China_5435"
"9067";"Canada_8476"
"9068";"Australia_4127"
"9069";"Japan_2132"
"9070";"China_3367"
"9071";"USA_8794"
"9072";"UK_1790"
"9073";"Japan_8870"
"9074";"Germany_8432"
"9075";"Japan_8371"
"9076";"USA_2163"
"9077";"Canada_1757"
"9078";"France_4917"
"9079";"France_5609"
"9080";"Brazil_8336"
"9081";"Germany_8901"
"9082";"UK_4106"
"9083";"China_6912"
"9084";"India_4380"
"9085";"Japan_3013"
"9086";"USA_8826"
"9087";"India_5581"
"9088";"Germany_8611"
"9089";"Brazil_5391"
"9090";"India_6937"
"9091";"Canada_2278"
"9092";"India_7860"
"9093";"Japan_2836"
"9094";"UK_1153"
"9095";"Australia_5389"
"9096";"France_2010"
"9097";"India_7699"
"9098";"Japan_2188"
"9099";"Japan_8283"
"9100";"USA_2687"
"9101";"France_3519"
"9102";"Japan_6684"
"9103";"India_5323"
"9104";"USA_4982"
"9105";"Japan_1756"
"9106";"Australia_6535"
"9107";"UK_9360"
"9108";"China_2040"
"9109";"Canada_8526"
"9110";"Germany_8637"
"9111";"Brazil_6371"
"9112";"Germany_7324"
"9113";"India_9827"
"9114";"Brazil_3792"
"9115";"UK_1614"
"9116";"Australia_5535"
"9117";"Germany_9638"
"9118";"Australia_7311"
"9119";"France_7180"
"9120";"China_7617"
"9121";"Australia_8106"
"9122";"China_4469"
"9123";"Japan_2959"
"9124";"India_7010"
"9125";"USA_7560"
"9126";"Canada_8546"
"9127";"France_4340"
"9128";"USA_5561"
"9129";"USA_3602"
"9130";"UK_9386"
"9131";"China_1922"
"9132";"USA_6051"
"9133";"Canada_7675"
"9134";"Brazil_1370"
"9135";"Japan_1956"
"9136";"France_6836"
"9137";"Germany_4292"
"9138";"Germany_2017"
"9139";"Canada_8701"
"9140";"France_3172"
"9141";"France_8956"
"9142";"Brazil_6624"
"9143";"France_9249"
"9144";"UK_8128"
"9145";"Canada_8194"
"9146";"Canada_1540"
"9147";"Germany_9519"
"9148";"Germany_5011"
"9149";"Brazil_9541"
"9150";"USA_1177"
"9151";"France_8510"
"9152";"Germany_7099"
"9153";"India_4290"
"9154";"France_8630"
"9155";"Germany_8355"
"9156";"Japan_9088"
"9157";"Germany_7481"
"9158";"USA_6360"
"9159";"France_8503"
"9160";"France_5322"
"9161";"Japan_6596"
"9162";"Canada_5436"
"9163";"Japan_7915"
"9164";"Brazil_2469"
"9165";"USA_2684"
"9166";"France_1785"
"9167";"Brazil_9766"
"9168";"Australia_7482"
"9169";"Japan_9270"
"9170";"China_9801"
"9171";"Japan_3783"
"9172";"Japan_1672"
"9173";"France_6731"
"9174";"Germany_4836"
"9175";"China_4315"
"9176";"Japan_2465"
"9177";"Brazil_8011"
"9178";"Australia_4017"
"9179";"Japan_4231"
"9180";"China_8242"
"9181";"Japan_1515"
"9182";"Canada_8606"
"9183";"Japan_5893"
"9184";"Brazil_7508"
"9185";"India_8625"
"9186";"Canada_6309"
"9187";"Canada_6250"
"9188";"USA_7974"
"9189";"France_5263"
"9190";"Japan_1237"
"9191";"India_3134"
"9192";"UK_3422"
"9193";"Australia_9822"
"9194";"Brazil_2826"
"9195";"France_1292"
"9196";"France_8129"
"9197";"Canada_7823"
"9198";"USA_3484"
"9199";"India_4797"
"9200";"UK_5790"
"9201";"China_3835"
"9202";"Canada_2756"
"9203";"Canada_8854"
"9204";"Germany_8430"
"9205";"Japan_8486"
"9206";"USA_4366"
"9207";"Australia_6593"
"9208";"India_4982"
"9209";"India_8314"
"9210";"UK_5145"
"9211";"Australia_4926"
"9212";"India_2299"
"9213";"Germany_8350"
"9214";"China_2959"
"9215";"Brazil_8082"
"9216";"Canada_9922"
"9217";"USA_7782"
"9218";"Australia_4573"
"9219";"UK_7850"
"9220";"Brazil_8994"
"9221";"UK_1249"
"9222";"Australia_5782"
"9223";"Japan_8632"
"9224";"USA_3970"
"9225";"USA_6742"
"9226";"Brazil_2377"
"9227";"Australia_2492"
"9228";"Brazil_7957"
"9229";"Australia_2752"
"9230";"India_7682"
"9231";"France_4186"
"9232";"Canada_1408"
"9233";"France_7088"
"9234";"Japan_4998"
"9235";"USA_4170"
"9236";"Australia_7257"
"9237";"Germany_1361"
"9238";"UK_5543"
"9239";"China_3076"
"9240";"UK_8569"
"9241";"Germany_9119"
"9242";"India_6147"
"9243";"Japan_7725"
"9244";"Japan_1462"
"9245";"Canada_3258"
"9246";"Germany_3750"
"9247";"Canada_5923"
"9248";"Brazil_6790"
"9249";"Japan_3705"
"9250";"France_9289"
"9251";"UK_8143"
"9252";"Canada_8127"
"9253";"Canada_9123"
"9254";"China_1195"
"9255";"Brazil_3609"
"9256";"Brazil_3825"
"9257";"India_4193"
"9258";"France_9255"
"9259";"China_3105"
"9260";"China_2710"
"9261";"Japan_5551"
"9262";"Japan_9082"
"9263";"Germany_5600"
"9264";"Canada_6674"
"9265";"Germany_4412"
"9266";"France_5772"
"9267";"India_6953"
"9268";"USA_8160"
"9269";"France_2478"
"9270";"Canada_9636"
"9271";"UK_7793"
"9272";"UK_7355"
"9273";"France_6609"
"9274";"Germany_5383"
"9275";"India_6794"
"9276";"USA_8649"
"9277";"China_4182"
"9278";"Germany_1626"
"9279";"India_2258"
"9280";"Germany_1269"
"9281";"Japan_3799"
"9282";"France_6768"
"9283";"Japan_4407"
"9284";"UK_4828"
"9285";"Australia_7068"
"9286";"Canada_9838"
"9287";"Australia_6313"
"9288";"India_4405"
"9289";"Brazil_8893"
"9290";"UK_3332"
"9291";"Australia_1276"
"9292";"India_3256"
"9293";"India_5378"
"9294";"Canada_9890"
"9295";"India_4517"
"9296";"China_5814"
"9297";"Germany_6822"
"9298";"Brazil_5285"
"9299";"China_3034"
"9300";"UK_1091"
"9301";"Canada_2416"
"9302";"India_9090"
"9303";"Canada_6972"
"9304";"France_5657"
"9305";"India_8743"
"9306";"India_7209"
"9307";"Canada_4291"
"9308";"UK_7654"
"9309";"China_7817"
"9310";"Germany_7631"
"9311";"Germany_2635"
"9312";"Germany_8397"
"9313";"Japan_9825"
"9314";"Brazil_3103"
"9315";"Japan_6537"
"9316";"India_6281"
"9317";"Japan_6514"
"9318";"India_4237"
"9319";"Japan_3883"
"9320";"France_8655"
"9321";"France_3499"
"9322";"Japan_6599"
"9323";"India_3896"
"9324";"Germany_5642"
"9325";"India_9129"
"9326";"Canada_5689"
"9327";"Brazil_7929"
"9328";"Canada_9458"
"9329";"UK_9339"
"9330";"China_2334"
"9331";"Australia_5287"
"9332";"Canada_7461"
"9333";"UK_4175"
"9334";"India_3183"
"9335";"India_4907"
"9336";"India_1589"
"9337";"USA_4033"
"9338";"Australia_8322"
"9339";"UK_4823"
"9340";"Canada_7752"
"9341";"USA_4882"
"9342";"China_4995"
"9343";"UK_5968"
"9344";"Brazil_5446"
"9345";"UK_4774"
"9346";"USA_5692"
"9347";"USA_2178"
"9348";"Canada_8162"
"9349";"Canada_9488"
"9350";"UK_7809"
"9351";"India_8990"
"9352";"Australia_1541"
"9353";"Canada_2365"
"9354";"UK_4064"
"9355";"Brazil_1936"
"9356";"India_9214"
"9357";"Germany_4651"
"9358";"China_5448"
"9359";"Canada_7662"
"9360";"UK_6550"
"9361";"USA_1487"
"9362";"China_5312"
"9363";"Canada_6545"
"9364";"Germany_4546"
"9365";"Japan_9486"
"9366";"Brazil_4324"
"9367";"Australia_5793"
"9368";"Japan_8143"
"9369";"UK_3589"
"9370";"Japan_3917"
"9371";"China_6128"
"9372";"China_9184"
"9373";"Australia_2343"
"9374";"Japan_6862"
"9375";"Australia_1299"
"9376";"UK_7919"
"9377";"UK_3774"
"9378";"China_9442"
"9379";"Australia_1439"
"9380";"USA_5358"
"9381";"India_7858"
"9382";"Japan_2087"
"9383";"France_4928"
"9384";"France_2865"
"9385";"France_1085"
"9386";"Germany_3837"
"9387";"USA_9149"
"9388";"India_4299"
"9389";"China_8345"
"9390";"China_2864"
"9391";"Brazil_6318"
"9392";"Germany_4276"
"9393";"France_6390"
"9394";"Australia_1919"
"9395";"Australia_5955"
"9396";"Japan_5875"
"9397";"China_4033"
"9398";"Australia_5768"
"9399";"China_1286"
"9400";"UK_8528"
"9401";"Canada_6456"
"9402";"Australia_9927"
"9403";"Brazil_4513"
"9404";"Australia_5408"
"9405";"Germany_8145"
"9406";"Japan_7088"
"9407";"France_7377"
"9408";"Brazil_4363"
"9409";"USA_7522"
"9410";"USA_4647"
"9411";"Japan_2596"
"9412";"Brazil_7501"
"9413";"India_2165"
"9414";"Germany_9629"
"9415";"Australia_1468"
"9416";"USA_4228"
"9417";"Germany_4129"
"9418";"Canada_4412"
"9419";"India_1665"
"9420";"Canada_9938"
"9421";"Canada_2837"
"9422";"Australia_9467"
"9423";"China_1350"
"9424";"Brazil_3441"
"9425";"China_8245"
"9426";"Brazil_8678"
"9427";"China_9688"
"9428";"China_6979"
"9429";"USA_9407"
"9430";"USA_7937"
"9431";"France_3147"
"9432";"Japan_6361"
"9433";"UK_2549"
"9434";"Brazil_9190"
"9435";"Brazil_7668"
"9436";"India_8989"
"9437";"Australia_2786"
"9438";"Brazil_8028"
"9439";"Canada_1473"
"9440";"Germany_9735"
"9441";"France_9716"
"9442";"USA_6986"
"9443";"UK_9305"
"9444";"Japan_5913"
"9445";"China_1603"
"9446";"USA_4257"
"9447";"Germany_3461"
"9448";"UK_9439"
"9449";"Brazil_4203"
"9450";"Canada_3916"
"9451";"China_9583"
"9452";"Germany_2832"
"9453";"China_3564"
"9454";"India_6240"
"9455";"Japan_5477"
"9456";"France_2905"
"9457";"Germany_5906"
"9458";"Germany_5076"
"9459";"India_7288"
"9460";"Germany_2794"
"9461";"Japan_5499"
"9462";"Japan_7347"
"9463";"Japan_9102"
"9464";"Japan_7812"
"9465";"China_3518"
"9466";"Canada_5548"
"9467";"China_1744"
"9468";"Canada_1215"
"9469";"Australia_7399"
"9470";"Germany_3650"
"9471";"India_2761"
"9472";"UK_1615"
"9473";"France_5836"
"9474";"India_6354"
"9475";"Brazil_5201"
"9476";"China_5643"
"9477";"Canada_6407"
"9478";"Australia_7956"
"9479";"UK_3512"
"9480";"Japan_4134"
"9481";"Brazil_1932"
"9482";"India_8503"
"9483";"India_9177"
"9484";"Canada_7835"
"9485";"UK_3284"
"9486";"France_9890"
"9487";"Canada_5362"
"9488";"France_3867"
"9489";"UK_7224"
"9490";"Japan_3453"
"9491";"Australia_9595"
"9492";"China_7237"
"9493";"Australia_6156"
"9494";"Brazil_6828"
"9495";"Japan_2333"
"9496";"Brazil_9888"
"9497";"Canada_4884"
"9498";"Australia_3807"
"9499";"France_1383"
"9500";"Germany_1015"
"9501";"China_6846"
"9502";"India_3939"
"9503";"Germany_4225"
"9504";"Australia_8832"
"9505";"USA_3780"
"9506";"UK_1341"
"9507";"Canada_9459"
"9508";"India_5651"
"9509";"Australia_4241"
"9510";"Japan_2728"
"9511";"UK_4665"
"9512";"India_1086"
"9513";"UK_5648"
"9514";"Brazil_7539"
"9515";"India_2415"
"9516";"France_5043"
"9517";"Germany_2081"
"9518";"USA_3152"
"9519";"Brazil_5164"
"9520";"Brazil_6755"
"9521";"China_9865"
"9522";"France_9655"
"9523";"India_4667"
"9524";"Brazil_1784"
"9525";"Brazil_9903"
"9526";"Australia_1101"
"9527";"Brazil_3790"
"9528";"UK_8112"
"9529";"USA_3030"
"9530";"China_2564"
"9531";"France_3443"
"9532";"Japan_6355"
"9533";"UK_8763"
"9534";"France_1313"
"9535";"Japan_9074"
"9536";"Japan_7591"
"9537";"Japan_8571"
"9538";"Australia_4532"
"9539";"Brazil_8975"
"9540";"UK_3747"
"9541";"France_8423"
"9542";"Germany_9321"
"9543";"USA_2291"
"9544";"USA_4647"
"9545";"France_4687"
"9546";"Germany_2223"
"9547";"Canada_9053"
"9548";"Japan_8017"
"9549";"Brazil_7855"
"9550";"Australia_5097"
"9551";"Canada_8141"
"9552";"Canada_9817"
"9553";"India_5253"
"9554";"USA_2459"
"9555";"Germany_8444"
"9556";"China_3318"
"9557";"India_5041"
"9558";"USA_2932"
"9559";"China_1333"
"9560";"UK_7951"
"9561";"UK_4073"
"9562";"UK_5832"
"9563";"UK_2164"
"9564";"Brazil_6628"
"9565";"China_7468"
"9566";"Germany_1249"
"9567";"Brazil_1524"
"9568";"Brazil_8722"
"9569";"Brazil_8003"
"9570";"Canada_1561"
"9571";"Germany_2631"
"9572";"Germany_8956"
"9573";"UK_2482"
"9574";"UK_2559"
"9575";"India_8283"
"9576";"Brazil_8354"
"9577";"France_3174"
"9578";"France_3136"
"9579";"Germany_4028"
"9580";"Germany_3300"
"9581";"UK_8448"
"9582";"Australia_4828"
"9583";"UK_6707"
"9584";"Canada_2980"
"9585";"Germany_5267"
"9586";"India_1262"
"9587";"Brazil_3567"
"9588";"Brazil_2430"
"9589";"Australia_5068"
"9590";"USA_2431"
"9591";"Germany_9573"
"9592";"Australia_7021"
"9593";"Germany_2253"
"9594";"Germany_6611"
"9595";"Brazil_6344"
"9596";"Canada_7036"
"9597";"Germany_4599"
"9598";"France_6067"
"9599";"USA_1890"
"9600";"India_8311"
"9601";"UK_5908"
"9602";"China_1448"
"9603";"India_1339"
"9604";"India_3424"
"9605";"USA_8010"
"9606";"France_4381"
"9607";"Canada_2146"
"9608";"Brazil_1352"
"9609";"France_6383"
"9610";"Australia_1105"
"9611";"UK_8551"
"9612";"Canada_8533"
"9613";"Australia_4176"
"9614";"Japan_2554"
"9615";"UK_1939"
"9616";"China_4869"
"9617";"UK_3068"
"9618";"Germany_5475"
"9619";"USA_4407"
"9620";"Australia_7472"
"9621";"Germany_3300"
"9622";"Brazil_4464"
"9623";"Germany_1113"
"9624";"China_7972"
"9625";"France_6467"
"9626";"Canada_6130"
"9627";"India_4270"
"9628";"China_7964"
"9629";"France_4887"
"9630";"France_3189"
"9631";"Japan_7616"
"9632";"France_8008"
"9633";"USA_2616"
"9634";"France_4633"
"9635";"Canada_1481"
"9636";"France_4453"
"9637";"Australia_8277"
"9638";"Brazil_9200"
"9639";"UK_1300"
"9640";"Australia_4916"
"9641";"Canada_9713"
"9642";"India_5301"
"9643";"USA_4310"
"9644";"Australia_7179"
"9645";"Australia_7610"
"9646";"France_7981"
"9647";"India_2152"
"9648";"Australia_5060"
"9649";"USA_4782"
"9650";"Japan_9313"
"9651";"China_7925"
"9652";"China_3763"
"9653";"Australia_9173"
"9654";"Germany_5426"
"9655";"USA_2534"
"9656";"Germany_8326"
"9657";"Japan_9393"
"9658";"Japan_4541"
"9659";"India_1749"
"9660";"Canada_1367"
"9661";"Germany_1226"
"9662";"Brazil_2004"
"9663";"India_9042"
"9664";"Australia_9765"
"9665";"Brazil_5158"
"9666";"Japan_1122"
"9667";"India_1908"
"9668";"Germany_8153"
"9669";"China_2743"
"9670";"Brazil_5752"
"9671";"USA_3594"
"9672";"UK_7520"
"9673";"Brazil_2538"
"9674";"Canada_7550"
"9675";"Brazil_3614"
"9676";"China_9723"
"9677";"France_8216"
"9678";"Australia_5595"
"9679";"Germany_5375"
"9680";"Canada_6779"
"9681";"France_8422"
"9682";"Germany_9022"
"9683";"India_5615"
"9684";"Germany_7495"
"9685";"Canada_1874"
"9686";"China_4157"
"9687";"France_8127"
"9688";"Canada_9002"
"9689";"Japan_7906"
"9690";"China_6195"
"9691";"France_1560"
"9692";"Japan_9885"
"9693";"India_2776"
"9694";"Brazil_8791"
"9695";"Japan_7055"
"9696";"Germany_9934"
"9697";"China_8244"
"9698";"China_4238"
"9699";"France_6334"
"9700";"Australia_1213"
"9701";"India_2050"
"9702";"Germany_1036"
"9703";"Japan_1231"
"9704";"Australia_5079"
"9705";"Australia_4420"
"9706";"Brazil_2268"
"9707";"USA_3318"
"9708";"Brazil_6634"
"9709";"Germany_6185"
"9710";"Germany_3820"
"9711";"Australia_7926"
"9712";"Brazil_8221"
"9713";"France_3874"
"9714";"UK_8624"
"9715";"Australia_2983"
"9716";"India_6068"
"9717";"Japan_7448"
"9718";"France_5901"
"9719";"USA_9091"
"9720";"USA_2630"
"9721";"Australia_4154"
"9722";"Japan_1268"
"9723";"Australia_4705"
"9724";"USA_5998"
"9725";"Australia_8608"
"9726";"Australia_1581"
"9727";"Australia_6577"
"9728";"India_2730"
"9729";"UK_1679"
"9730";"France_7332"
"9731";"China_7206"
"9732";"USA_7927"
"9733";"Australia_4760"
"9734";"India_1110"
"9735";"UK_5245"
"9736";"Japan_8677"
"9737";"Australia_9664"
"9738";"UK_6523"
"9739";"Australia_9970"
"9740";"Brazil_4722"
"9741";"Germany_8989"
"9742";"USA_2304"
"9743";"Canada_7882"
"9744";"USA_3024"
"9745";"Brazil_4521"
"9746";"France_4688"
"9747";"Germany_3383"
"9748";"Brazil_4084"
"9749";"Canada_2160"
"9750";"UK_4287"
"9751";"UK_8016"
"9752";"UK_5721"
"9753";"China_9554"
"9754";"Japan_4048"
"9755";"China_8937"
"9756";"India_7374"
"9757";"Australia_5683"
"9758";"Japan_5605"
"9759";"China_1350"
"9760";"India_2217"
"9761";"France_2970"
"9762";"France_9485"
"9763";"USA_9498"
"9764";"Canada_5089"
"9765";"Germany_2226"
"9766";"USA_5484"
"9767";"UK_3174"
"9768";"Australia_1957"
"9769";"Germany_8623"
"9770";"UK_2231"
"9771";"Brazil_9780"
"9772";"Canada_3753"
"9773";"China_1298"
"9774";"China_8886"
"9775";"UK_4158"
"9776";"China_8030"
"9777";"Japan_7159"
"9778";"Japan_9752"
"9779";"India_3863"
"9780";"Germany_3629"
"9781";"USA_7194"
"9782";"USA_5037"
"9783";"UK_3957"
"9784";"Brazil_2858"
"9785";"France_9690"
"9786";"Canada_5387"
"9787";"Japan_6158"
"9788";"India_5526"
"9789";"Australia_4566"
"9790";"Brazil_1025"
"9791";"Germany_5382"
"9792";"UK_3034"
"9793";"Australia_9216"
"9794";"Japan_3796"
"9795";"China_7180"
"9796";"Canada_3257"
"9797";"Germany_6276"
"9798";"France_8932"
"9799";"Brazil_5238"
"9800";"Brazil_1134"
"9801";"Germany_1414"
"9802";"UK_7654"
"9803";"China_6701"
"9804";"Brazil_4447"
"9805";"Australia_6178"
"9806";"Brazil_5366"
"9807";"Brazil_1365"
"9808";"France_4644"
"9809";"France_3947"
"9810";"USA_6210"
"9811";"France_1467"
"9812";"France_7988"
"9813";"USA_3565"
"9814";"India_4858"
"9815";"UK_6223"
"9816";"UK_2512"
"9817";"Brazil_9725"
"9818";"USA_9170"
"9819";"India_5714"
"9820";"Germany_8031"
"9821";"Germany_2162"
"9822";"USA_4816"
"9823";"Japan_9044"
"9824";"France_2490"
"9825";"USA_1918"
"9826";"USA_5033"
"9827";"China_6379"
"9828";"Japan_3911"
"9829";"China_7909"
"9830";"France_7069"
"9831";"France_9139"
"9832";"China_2014"
"9833";"Canada_1020"
"9834";"Canada_1263"
"9835";"France_5821"
"9836";"USA_9229"
"9837";"Canada_5970"
"9838";"UK_3376"
"9839";"Australia_1426"
"9840";"USA_5703"
"9841";"Canada_5532"
"9842";"Brazil_8783"
"9843";"Japan_9093"
"9844";"Germany_3728"
"9845";"Australia_6990"
"9846";"Australia_9259"
"9847";"Germany_5013"
"9848";"UK_2921"
"9849";"Australia_1382"
"9850";"Canada_8980"
"9851";"Brazil_5187"
"9852";"Brazil_8735"
"9853";"China_2295"
"9854";"Germany_9984"
"9855";"France_7046"
"9856";"China_8030"
"9857";"Japan_8158"
"9858";"India_1742"
"9859";"USA_4685"
"9860";"Japan_1338"
"9861";"Canada_1263"
"9862";"Germany_2957"
"9863";"China_8817"
"9864";"Canada_5914"
"9865";"India_6016"
"9866";"Japan_7077"
"9867";"Australia_8334"
"9868";"UK_4661"
"9869";"USA_4560"
"9870";"Japan_8694"
"9871";"Germany_7159"
"9872";"India_3770"
"9873";"Australia_7199"
"9874";"Germany_3851"
"9875";"USA_8387"
"9876";"Japan_7702"
"9877";"China_7863"
"9878";"Germany_8088"
"9879";"Japan_1897"
"9880";"Germany_8259"
"9881";"China_4862"
"9882";"Brazil_9041"
"9883";"UK_2032"
"9884";"Japan_2250"
"9885";"Japan_6461"
"9886";"Canada_3518"
"9887";"China_8695"
"9888";"India_7548"
"9889";"Germany_2158"
"9890";"Canada_9074"
"9891";"China_8990"
"9892";"Canada_8149"
"9893";"India_1922"
"9894";"Canada_8177"
"9895";"Australia_3078"
"9896";"USA_2889"
"9897";"France_9185"
"9898";"India_4527"
"9899";"Brazil_3360"
"9900";"Japan_5092"
"9901";"Australia_3513"
"9902";"Germany_2925"
"9903";"Brazil_5960"
"9904";"Canada_5915"
"9905";"India_4759"
"9906";"India_1183"
"9907";"UK_6652"
"9908";"Australia_7745"
"9909";"China_6299"
"9910";"Japan_4973"
"9911";"Canada_1804"
"9912";"France_7521"
"9913";"Brazil_9660"
"9914";"Australia_7869"
"9915";"Brazil_8563"
"9916";"China_1882"
"9917";"Australia_3691"
"9918";"France_8191"
"9919";"Australia_5421"
"9920";"Australia_2275"
"9921";"China_3449"
"9922";"USA_9064"
"9923";"India_6177"
"9924";"China_8789"
"9925";"USA_3411"
"9926";"Brazil_3702"
"9927";"India_3655"
"9928";"Australia_9127"
"9929";"Germany_5527"
"9930";"USA_4880"
"9931";"France_6977"
"9932";"France_7652"
"9933";"India_1599"
"9934";"USA_6524"
"9935";"France_1566"
"9936";"France_7051"
"9937";"Japan_2870"
"9938";"USA_9073"
"9939";"USA_2557"
"9940";"Australia_2940"
"9941";"India_5853"
"9942";"France_3744"
"9943";"China_9458"
"9944";"Australia_2020"
"9945";"Germany_7255"
"9946";"Canada_2673"
"9947";"USA_3504"
"9948";"Brazil_6520"
"9949";"Australia_2349"
"9950";"France_3954"
"9951";"UK_8998"
"9952";"France_9381"
"9953";"India_7265"
"9954";"USA_8610"
"9955";"Japan_8204"
"9956";"India_6388"
"9957";"UK_2548"
"9958";"Brazil_8915"
"9959";"China_2460"
"9960";"France_2516"
"9961";"Canada_7674"
"9962";"UK_6166"
"9963";"UK_3099"
"9964";"USA_3385"
"9965";"China_9434"
"9966";"Germany_4792"
"9967";"China_6137"
"9968";"France_1487"
"9969";"Japan_9023"
"9970";"Japan_5053"
"9971";"Australia_5807"
"9972";"France_1859"
"9973";"Brazil_1066"
"9974";"Germany_3531"
"9975";"India_3501"
"9976";"Australia_7749"
"9977";"China_7728"
"9978";"Australia_5089"
"9979";"Canada_9150"
"9980";"China_2047"
"9981";"Canada_1555"
"9982";"Germany_2118"
"9983";"Canada_8249"
"9984";"Australia_2675"
"9985";"UK_3590"
"9986";"France_8137"
"9987";"Australia_5293"
"9988";"Canada_9346"
"9989";"Brazil_3931"
"9990";"USA_8580"
"9991";"China_1639"
"9992";"USA_7932"
"9993";"Canada_9967"
"9994";"USA_9985"
"9995";"Australia_1016"
"9996";"Brazil_1452"
"9997";"Brazil_9439"
"9998";"Canada_4273"
"9999";"USA_5243"
"10000";"India_7173"
"id";"name";"photo";"password";"firstname";"lastname";"gender";"mobile";"address"
"1";"brijesh";"brijesh.jpg";"brij123";"brij";"pandey";"male";"912236151546";"rajkot"
"2";"dhruv";"dhruv.jpg";"d123";"shruv";"patel";"male";"912236151546";"rajkot"
"3";"bhavika";"bhavika.jpg";"bh123";"bhavika";"sharma";"female";"9122361";"rajkot"
"4";"kalpit";"kalpit.jpg";"kalpit";"kalpit";"patel";"male";"912236";"rajkot"
"5";"om";"om.jpg";"d123";"shruv";"patel";"male";"912236151546";"rajkot"
"6";"jainish";"jainish.jpg";"bh123";"bhavika";"sharma";"female";"9122361";"rajkot"
"7";"naimish";"naimish.png";"naimish123";"naimish";"vaja";"male";"6356421656";"150 feet ring road ahemdabad"
"depid";"depname"
"1";"CSE"
"2";"IT"
"3";"HR"
"4";"Data Science"
"5";"EC"
"6";"Data analytics"
"empid";"name";"mobile";"department";"salary";"manager_id"
"1";"dhruv";"9121221";"IT";"125000.0000";"1"
"2";"kalpit";"9998003871";"CSE";"14500.0000";"1"
"3";"bhavika";"94121212121";"IT";"51000.0000";"1"
"4";"prakruti";"9212132";"IT";"111500.0000";"3"
"5";"mitesh";"9998003871";"IT";"48500.0000";"3"
"6";"sanket";"921323232";"IT";"16633.0000";"1"
"7";"jnali";"9998003871";"IT";"145000.0000";"3"
"8";"kumar";"951321212";"IT";"51000.5569";"1"
"id";"name";"email";"phone";"rating";"comment";"added_date"
"1";"brijesh";"b@gmail.com";"891212121";"*****";"hi";"2026-08-13 17:25:47"
"2";"astha";"astha@gmail.com";"912112121";"*****";"hi";"2026-08-13 17:25:47"
"studentid";"collegeid";"depid";"name";"age";"adress";"mobile"
"1";"3";"1";"bhavika";"21";"150 feet ring road rajkot";"912121212"
"2";"4";"2";"giriraj";"21";"150 feet ring road";"9121212121"
"3";"2";"4";"kalpit";"22";"rajkot";"91212121"
"4";"3";"6";"gohil ";"22";"ahemdabad";"91212165613"
